Payment_id,Subscription_id,Payment_date,Payment_method,Amount,Status
1,1,2025-05-16,Debit Card,349,Success
2,1,2025-08-14,Credit Card,329,Success
3,2,2024-09-19,UPI,349,Success
4,2,2024-12-18,Net Banking,329,Success
5,2,2025-03-18,UPI,349,Success
6,3,2024-11-16,UPI,129,Failed
7,3,2024-12-16,Debit Card,119,Success
8,3,2025-01-15,Credit Card,119,Success
9,3,2025-02-14,Debit Card,99,Success
10,3,2025-03-16,UPI,129,Success
11,3,2025-04-15,UPI,129,Success
12,3,2025-05-15,Credit Card,99,Success
13,4,2024-06-08,Debit Card,119,Failed
14,4,2024-07-08,Credit Card,99,Success
15,4,2024-08-07,Net Banking,129,Success
16,4,2024-09-06,Credit Card,119,Failed
17,4,2024-10-06,Debit Card,129,Success
18,4,2024-11-05,Debit Card,99,Success
19,4,2024-12-05,UPI,129,Success
20,4,2025-01-04,UPI,99,Failed
21,4,2025-02-03,Net Banking,99,Success
22,4,2025-03-05,Debit Card,119,Success
23,4,2025-04-04,Net Banking,129,Success
24,4,2025-05-04,Credit Card,119,Success
25,4,2025-06-03,Debit Card,129,Success
26,5,2023-10-31,Debit Card,329,Failed
27,5,2024-01-29,Credit Card,299,Success
28,6,2024-04-07,Net Banking,99,Success
29,6,2024-05-07,Debit Card,99,Success
30,6,2024-06-06,UPI,119,Failed
31,6,2024-07-06,Debit Card,129,Success
32,6,2024-08-05,Credit Card,99,Failed
33,6,2024-09-04,UPI,119,Success
34,6,2024-10-04,Debit Card,129,Success
35,7,2024-03-28,Credit Card,999,Failed
36,7,2025-03-28,Debit Card,1299,Failed
37,8,2024-04-06,UPI,1299,Success
38,8,2025-04-06,Credit Card,1299,Failed
39,9,2026-08-03,UPI,999,Failed
40,10,2024-08-19,Credit Card,129,Success
41,10,2024-09-18,Debit Card,119,Success
42,11,2024-11-02,Debit Card,329,Success
43,12,2026-04-22,Debit Card,329,Success
44,12,2026-07-21,Credit Card,299,Success
45,12,2026-10-19,UPI,349,Success
46,13,2026-03-14,Credit Card,99,Failed
47,13,2026-04-13,Debit Card,119,Failed
48,13,2026-05-13,Debit Card,99,Success
49,13,2026-06-12,Debit Card,119,Failed
50,13,2026-07-12,UPI,119,Success
51,13,2026-08-11,Debit Card,99,Success
52,13,2026-09-10,Debit Card,99,Success
53,14,2026-01-04,Credit Card,999,Success
54,15,2023-11-12,UPI,1199,Success
55,15,2024-11-11,Credit Card,1199,Success
56,16,2024-01-02,Net Banking,119,Success
57,16,2024-02-01,Net Banking,99,Success
58,17,2024-08-01,UPI,99,Success
59,17,2024-08-31,Credit Card,99,Success
60,18,2025-07-22,Net Banking,299,Success
61,18,2025-10-20,UPI,349,Success
62,18,2026-01-18,UPI,299,Success
63,19,2025-06-30,Net Banking,99,Success
64,19,2025-07-30,Debit Card,99,Success
65,19,2025-08-29,Net Banking,99,Success
66,19,2025-09-28,Net Banking,99,Failed
67,19,2025-10-28,UPI,119,Failed
68,19,2025-11-27,Net Banking,129,Success
69,19,2025-12-27,Credit Card,119,Success
70,19,2026-01-26,Debit Card,119,Failed
71,19,2026-02-25,UPI,99,Success
72,19,2026-03-27,Debit Card,129,Failed
73,19,2026-04-26,Net Banking,119,Success
74,19,2026-05-26,Debit Card,99,Failed
75,19,2026-06-25,Net Banking,99,Success
76,20,2026-01-19,Credit Card,349,Success
77,20,2026-04-19,Debit Card,329,Failed
78,21,2024-08-19,Net Banking,129,Success
79,21,2024-09-18,Debit Card,129,Failed
80,21,2024-10-18,Credit Card,119,Success
81,21,2024-11-17,Credit Card,119,Success
82,21,2024-12-17,UPI,119,Failed
83,21,2025-01-16,Debit Card,129,Success
84,21,2025-02-15,UPI,99,Success
85,22,2025-06-26,Credit Card,1299,Success
86,22,2026-06-26,UPI,1299,Success
87,23,2025-10-09,Net Banking,1299,Success
88,24,2025-03-21,Credit Card,999,Success
89,25,2026-04-27,Debit Card,1299,Success
90,25,2027-04-27,UPI,1299,Success
91,26,2023-10-07,Credit Card,349,Success
92,26,2024-01-05,Debit Card,329,Success
93,26,2024-04-04,UPI,329,Success
94,27,2024-02-04,Credit Card,299,Success
95,28,2025-09-17,Net Banking,999,Success
96,29,2025-08-14,Credit Card,329,Success
97,30,2026-04-23,Credit Card,1199,Success
98,31,2024-01-02,UPI,999,Success
99,32,2025-02-01,Credit Card,349,Success
100,32,2025-05-02,Debit Card,349,Success
101,32,2025-07-31,Net Banking,329,Success
102,32,2025-10-29,Debit Card,329,Success
103,32,2026-01-27,Credit Card,299,Failed
104,33,2024-05-01,Net Banking,1299,Success
105,34,2026-05-26,Debit Card,999,Success
106,35,2024-12-27,Credit Card,129,Failed
107,35,2025-01-26,Debit Card,119,Success
108,35,2025-02-25,UPI,99,Failed
109,35,2025-03-27,UPI,129,Success
110,35,2025-04-26,Debit Card,129,Success
111,35,2025-05-26,UPI,129,Failed
112,35,2025-06-25,Debit Card,99,Success
113,35,2025-07-25,Debit Card,99,Success
114,35,2025-08-24,UPI,99,Success
115,35,2025-09-23,UPI,119,Success
116,35,2025-10-23,Credit Card,99,Success
117,35,2025-11-22,Debit Card,119,Success
118,35,2025-12-22,UPI,129,Success
119,36,2024-11-13,Net Banking,119,Failed
120,36,2024-12-13,Net Banking,99,Failed
121,36,2025-01-12,Debit Card,119,Failed
122,36,2025-02-11,Net Banking,99,Success
123,36,2025-03-13,Net Banking,99,Success
124,36,2025-04-12,Debit Card,99,Success
125,36,2025-05-12,Debit Card,119,Success
126,36,2025-06-11,Debit Card,99,Success
127,36,2025-07-11,Credit Card,119,Success
128,36,2025-08-10,UPI,129,Success
129,36,2025-09-09,Net Banking,129,Success
130,36,2025-10-09,Credit Card,119,Failed
131,36,2025-11-08,UPI,99,Success
132,37,2025-05-30,Credit Card,119,Success
133,37,2025-06-29,Debit Card,119,Success
134,37,2025-07-29,Credit Card,119,Success
135,37,2025-08-28,Net Banking,99,Failed
136,38,2024-03-16,UPI,99,Success
137,38,2024-04-15,Net Banking,99,Success
138,39,2024-11-11,Net Banking,329,Success
139,40,2024-12-11,UPI,299,Success
140,40,2025-03-11,Debit Card,299,Success
141,40,2025-06-09,UPI,329,Success
142,41,2023-10-23,Net Banking,329,Failed
143,41,2024-01-21,Debit Card,349,Success
144,42,2026-04-27,Net Banking,349,Success
145,42,2026-07-26,Net Banking,329,Success
146,43,2024-05-24,Net Banking,999,Success
147,43,2025-05-24,Net Banking,1199,Failed
148,44,2024-08-05,Credit Card,1199,Success
149,45,2024-09-27,UPI,1299,Success
150,46,2025-03-09,UPI,1299,Success
151,47,2023-12-18,Debit Card,1299,Failed
152,48,2025-08-23,Credit Card,1299,Success
153,48,2026-08-23,Net Banking,1199,Failed
154,49,2024-12-27,Credit Card,349,Failed
155,49,2025-03-27,UPI,329,Failed
156,49,2025-06-25,UPI,349,Success
157,49,2025-09-23,Net Banking,299,Success
158,49,2025-12-22,Credit Card,299,Success
159,50,2025-05-18,UPI,299,Failed
160,50,2025-08-16,Net Banking,299,Success
161,51,2025-03-25,Credit Card,1299,Success
162,52,2025-07-17,UPI,1199,Success
163,53,2025-01-01,Net Banking,1199,Success
164,54,2024-04-16,Net Banking,119,Success
165,54,2024-05-16,Net Banking,129,Success
166,54,2024-06-15,Credit Card,119,Success
167,54,2024-07-15,UPI,129,Success
168,54,2024-08-14,UPI,129,Success
169,54,2024-09-13,Debit Card,129,Failed
170,54,2024-10-13,Net Banking,119,Failed
171,54,2024-11-12,Net Banking,129,Success
172,54,2024-12-12,Debit Card,99,Failed
173,54,2025-01-11,Net Banking,99,Success
174,54,2025-02-10,Debit Card,119,Success
175,54,2025-03-12,Net Banking,99,Success
176,54,2025-04-11,UPI,119,Success
177,55,2025-04-19,Debit Card,329,Success
178,55,2025-07-18,UPI,329,Success
179,56,2023-12-02,Debit Card,99,Failed
180,56,2024-01-01,Debit Card,119,Failed
181,56,2024-01-31,UPI,129,Success
182,56,2024-03-01,Credit Card,119,Failed
183,56,2024-03-31,Net Banking,129,Success
184,56,2024-04-30,Credit Card,99,Success
185,56,2024-05-30,Net Banking,119,Success
186,57,2024-02-29,UPI,349,Success
187,57,2024-05-29,Credit Card,299,Success
188,57,2024-08-27,UPI,299,Failed
189,58,2026-01-12,Debit Card,999,Success
190,59,2025-04-30,Debit Card,329,Failed
191,59,2025-07-29,Net Banking,349,Success
192,59,2025-10-27,UPI,349,Success
193,59,2026-01-25,Net Banking,329,Failed
194,59,2026-04-25,Net Banking,299,Success
195,60,2024-09-28,Credit Card,329,Success
196,60,2024-12-27,UPI,349,Success
197,60,2025-03-27,Net Banking,299,Success
198,60,2025-06-25,Credit Card,299,Success
199,60,2025-09-23,Credit Card,349,Success
200,61,2025-10-11,Net Banking,329,Success
201,61,2026-01-09,UPI,349,Failed
202,61,2026-04-09,Credit Card,299,Success
203,62,2024-03-29,Debit Card,999,Success
204,63,2025-04-23,Debit Card,349,Failed
205,63,2025-07-22,Debit Card,329,Failed
206,63,2025-10-20,Credit Card,329,Failed
207,63,2026-01-18,Net Banking,329,Success
208,63,2026-04-18,Debit Card,299,Success
209,64,2024-08-15,UPI,119,Failed
210,64,2024-09-14,Debit Card,99,Success
211,64,2024-10-14,Debit Card,129,Success
212,64,2024-11-13,Debit Card,119,Success
213,64,2024-12-13,Credit Card,99,Success
214,64,2025-01-12,Net Banking,129,Success
215,64,2025-02-11,Credit Card,129,Success
216,65,2023-12-24,Net Banking,129,Success
217,65,2024-01-23,Net Banking,119,Failed
218,65,2024-02-22,UPI,119,Success
219,65,2024-03-23,Credit Card,119,Failed
220,65,2024-04-22,Debit Card,129,Success
221,65,2024-05-22,Credit Card,99,Success
222,65,2024-06-21,Net Banking,99,Success
223,66,2026-02-09,Debit Card,1299,Success
224,67,2026-03-08,Debit Card,349,Success
225,68,2025-03-19,Debit Card,999,Success
226,68,2026-03-19,Debit Card,1299,Failed
227,69,2026-06-06,Debit Card,1199,Success
228,70,2025-04-26,Debit Card,129,Failed
229,70,2025-05-26,Net Banking,99,Success
230,70,2025-06-25,UPI,129,Failed
231,70,2025-07-25,UPI,99,Failed
232,70,2025-08-24,Debit Card,129,Failed
233,70,2025-09-23,Credit Card,99,Success
234,70,2025-10-23,Debit Card,99,Failed
235,70,2025-11-22,Net Banking,129,Success
236,70,2025-12-22,Credit Card,119,Success
237,70,2026-01-21,Debit Card,119,Success
238,70,2026-02-20,UPI,119,Success
239,70,2026-03-22,Debit Card,119,Success
240,70,2026-04-21,Credit Card,99,Failed
241,71,2026-04-20,Credit Card,999,Failed
242,72,2026-05-23,Net Banking,1299,Failed
243,73,2025-02-13,Net Banking,119,Failed
244,73,2025-03-15,UPI,99,Success
245,73,2025-04-14,Debit Card,129,Success
246,73,2025-05-14,Credit Card,119,Success
247,73,2025-06-13,UPI,129,Success
248,73,2025-07-13,Debit Card,99,Success
249,73,2025-08-12,UPI,99,Failed
250,74,2025-03-18,Debit Card,1299,Success
251,75,2026-03-05,UPI,99,Success
252,75,2026-04-04,Net Banking,119,Success
253,75,2026-05-04,Credit Card,119,Success
254,75,2026-06-03,Debit Card,119,Success
255,76,2024-05-14,Net Banking,999,Success
256,77,2026-06-01,Credit Card,999,Success
257,78,2024-06-21,UPI,99,Success
258,78,2024-07-21,Debit Card,99,Success
259,78,2024-08-20,Debit Card,119,Success
260,78,2024-09-19,UPI,129,Success
261,79,2025-10-05,UPI,349,Success
262,80,2026-08-11,UPI,1299,Failed
263,81,2025-07-24,Net Banking,119,Success
264,81,2025-08-23,Debit Card,129,Failed
265,81,2025-09-22,Credit Card,129,Success
266,81,2025-10-22,UPI,129,Success
267,81,2025-11-21,UPI,119,Success
268,81,2025-12-21,Credit Card,129,Failed
269,81,2026-01-20,UPI,99,Success
270,81,2026-02-19,UPI,99,Failed
271,81,2026-03-21,Credit Card,99,Success
272,81,2026-04-20,Credit Card,129,Success
273,81,2026-05-20,Net Banking,129,Success
274,81,2026-06-19,UPI,99,Failed
275,81,2026-07-19,Net Banking,99,Success
276,82,2025-04-17,UPI,99,Success
277,82,2025-05-17,UPI,129,Success
278,82,2025-06-16,Net Banking,129,Success
279,82,2025-07-16,UPI,99,Success
280,83,2024-10-24,Credit Card,329,Failed
281,83,2025-01-22,Debit Card,329,Failed
282,84,2024-02-02,UPI,299,Success
283,84,2024-05-02,Debit Card,299,Success
284,84,2024-07-31,Debit Card,349,Failed
285,84,2024-10-29,UPI,349,Success
286,84,2025-01-27,UPI,299,Success
287,85,2024-12-18,Credit Card,349,Success
288,85,2025-03-18,Net Banking,329,Success
289,86,2026-04-13,UPI,349,Success
290,86,2026-07-12,Credit Card,329,Success
291,86,2026-10-10,Net Banking,329,Failed
292,87,2023-11-20,Net Banking,119,Failed
293,87,2023-12-20,Credit Card,119,Success
294,88,2023-10-22,UPI,999,Success
295,89,2024-08-13,Net Banking,99,Failed
296,89,2024-09-12,Net Banking,129,Success
297,90,2026-01-09,Net Banking,129,Success
298,90,2026-02-08,UPI,129,Success
299,90,2026-03-10,Net Banking,119,Success
300,90,2026-04-09,Net Banking,119,Success
301,90,2026-05-09,Debit Card,99,Success
302,90,2026-06-08,Credit Card,99,Success
303,90,2026-07-08,UPI,129,Failed
304,90,2026-08-07,Credit Card,129,Failed
305,90,2026-09-06,Net Banking,119,Success
306,90,2026-10-06,UPI,129,Success
307,90,2026-11-05,Credit Card,129,Failed
308,90,2026-12-05,Credit Card,119,Success
309,90,2027-01-04,Debit Card,119,Success
310,91,2025-01-26,Debit Card,329,Success
311,92,2023-09-15,Credit Card,129,Failed
312,92,2023-10-15,Credit Card,119,Success
313,92,2023-11-14,Net Banking,119,Failed
314,92,2023-12-14,Net Banking,99,Failed
315,92,2024-01-13,UPI,119,Failed
316,92,2024-02-12,UPI,129,Success
317,92,2024-03-13,Net Banking,119,Success
318,92,2024-04-12,UPI,129,Success
319,92,2024-05-12,Debit Card,129,Success
320,92,2024-06-11,Net Banking,129,Success
321,92,2024-07-11,UPI,119,Success
322,92,2024-08-10,Debit Card,119,Failed
323,92,2024-09-09,Debit Card,129,Failed
324,93,2024-06-15,UPI,99,Success
325,93,2024-07-15,Debit Card,99,Success
326,93,2024-08-14,Debit Card,129,Success
327,93,2024-09-13,UPI,129,Success
328,93,2024-10-13,Net Banking,99,Success
329,93,2024-11-12,Net Banking,129,Success
330,93,2024-12-12,Credit Card,119,Success
331,94,2025-02-12,Net Banking,299,Success
332,95,2025-02-26,Credit Card,329,Success
333,96,2023-12-19,Net Banking,299,Success
334,96,2024-03-18,UPI,349,Failed
335,96,2024-06-16,Credit Card,329,Failed
336,97,2024-07-31,UPI,99,Failed
337,97,2024-08-30,Net Banking,129,Success
338,97,2024-09-29,Credit Card,129,Success
339,97,2024-10-29,Net Banking,99,Success
340,97,2024-11-28,Net Banking,129,Failed
341,97,2024-12-28,Credit Card,129,Success
342,97,2025-01-27,Debit Card,119,Success
343,97,2025-02-26,Credit Card,119,Success
344,97,2025-03-28,Debit Card,119,Success
345,97,2025-04-27,Credit Card,129,Success
346,97,2025-05-27,Debit Card,99,Success
347,97,2025-06-26,Credit Card,129,Success
348,97,2025-07-26,Debit Card,129,Success
349,98,2024-11-06,Net Banking,329,Failed
350,98,2025-02-04,Debit Card,349,Failed
351,98,2025-05-05,UPI,299,Success
352,98,2025-08-03,Credit Card,329,Success
353,98,2025-11-01,UPI,349,Success
354,99,2024-12-03,Credit Card,119,Success
355,99,2025-01-02,Debit Card,129,Success
356,99,2025-02-01,Debit Card,99,Success
357,99,2025-03-03,UPI,129,Success
358,100,2026-08-08,UPI,119,Success
359,100,2026-09-07,Net Banking,129,Success
360,100,2026-10-07,Debit Card,129,Success
361,100,2026-11-06,Net Banking,119,Failed
362,100,2026-12-06,Debit Card,129,Success
363,100,2027-01-05,Debit Card,99,Success
364,100,2027-02-04,Net Banking,129,Success
365,101,2024-10-13,Debit Card,1299,Success
366,101,2025-10-13,Credit Card,1299,Success
367,102,2026-01-12,Credit Card,1199,Success
368,103,2025-05-24,Credit Card,99,Success
369,103,2025-06-23,UPI,119,Failed
370,103,2025-07-23,Debit Card,119,Success
371,103,2025-08-22,Debit Card,99,Success
372,104,2025-09-28,Net Banking,329,Success
373,104,2025-12-27,Credit Card,299,Success
374,104,2026-03-27,UPI,349,Success
375,105,2024-04-17,Debit Card,119,Success
376,105,2024-05-17,Debit Card,129,Success
377,105,2024-06-16,UPI,99,Success
378,105,2024-07-16,Net Banking,119,Success
379,106,2024-06-18,Credit Card,329,Success
380,106,2024-09-16,Debit Card,349,Success
381,106,2024-12-15,Debit Card,329,Success
382,106,2025-03-15,Net Banking,349,Success
383,106,2025-06-13,Debit Card,299,Failed
384,107,2025-12-18,Credit Card,99,Success
385,107,2026-01-17,Debit Card,129,Failed
386,107,2026-02-16,Net Banking,99,Success
387,107,2026-03-18,Debit Card,129,Success
388,107,2026-04-17,Debit Card,129,Failed
389,107,2026-05-17,UPI,119,Success
390,107,2026-06-16,Credit Card,129,Success
391,108,2025-12-22,UPI,1299,Success
392,108,2026-12-22,UPI,999,Success
393,109,2024-09-01,Credit Card,99,Failed
394,109,2024-10-01,Credit Card,99,Failed
395,110,2026-02-17,UPI,349,Success
396,110,2026-05-18,Net Banking,299,Success
397,111,2023-09-13,UPI,99,Success
398,111,2023-10-13,Credit Card,99,Success
399,111,2023-11-12,UPI,129,Success
400,111,2023-12-12,Net Banking,119,Failed
401,111,2024-01-11,Net Banking,119,Failed
402,111,2024-02-10,UPI,119,Failed
403,111,2024-03-11,UPI,129,Success
404,112,2024-12-22,UPI,349,Success
405,113,2025-09-09,UPI,129,Success
406,113,2025-10-09,UPI,129,Success
407,113,2025-11-08,Debit Card,129,Success
408,113,2025-12-08,Net Banking,119,Failed
409,113,2026-01-07,UPI,119,Failed
410,113,2026-02-06,Credit Card,99,Success
411,113,2026-03-08,Net Banking,129,Success
412,113,2026-04-07,Credit Card,129,Success
413,113,2026-05-07,Debit Card,129,Success
414,113,2026-06-06,Credit Card,129,Success
415,113,2026-07-06,UPI,99,Failed
416,113,2026-08-05,UPI,129,Success
417,113,2026-09-04,Debit Card,99,Success
418,114,2024-09-20,Credit Card,329,Success
419,114,2024-12-19,Credit Card,299,Success
420,114,2025-03-19,UPI,299,Success
421,114,2025-06-17,UPI,349,Failed
422,114,2025-09-15,UPI,349,Success
423,115,2024-09-08,UPI,349,Success
424,115,2024-12-07,Credit Card,299,Failed
425,115,2025-03-07,Debit Card,329,Success
426,116,2023-12-23,Credit Card,349,Success
427,117,2024-10-08,UPI,1199,Success
428,118,2025-03-26,Net Banking,119,Failed
429,118,2025-04-25,Debit Card,119,Success
430,118,2025-05-25,Debit Card,129,Success
431,118,2025-06-24,Credit Card,119,Success
432,119,2024-11-13,Credit Card,329,Success
433,120,2025-04-21,Net Banking,129,Success
434,120,2025-05-21,Credit Card,119,Success
435,120,2025-06-20,Net Banking,119,Failed
436,120,2025-07-20,Debit Card,119,Failed
437,120,2025-08-19,UPI,129,Success
438,120,2025-09-18,UPI,129,Success
439,120,2025-10-18,Credit Card,99,Success
440,121,2024-01-20,UPI,1299,Success
441,121,2025-01-19,UPI,999,Failed
442,122,2025-04-14,Credit Card,1299,Success
443,123,2025-09-30,Debit Card,1299,Failed
444,124,2024-12-09,Credit Card,349,Success
445,124,2025-03-09,Credit Card,329,Success
446,124,2025-06-07,Net Banking,299,Success
447,125,2026-03-01,Debit Card,119,Success
448,125,2026-03-31,Credit Card,129,Success
449,125,2026-04-30,Credit Card,129,Failed
450,125,2026-05-30,Credit Card,99,Success
451,126,2024-07-15,Net Banking,349,Success
452,126,2024-10-13,Credit Card,299,Failed
453,127,2024-04-30,UPI,299,Success
454,127,2024-07-29,Credit Card,329,Success
455,128,2025-03-20,Credit Card,349,Success
456,128,2025-06-18,Net Banking,329,Failed
457,128,2025-09-16,UPI,299,Success
458,129,2024-02-03,Debit Card,999,Success
459,129,2025-02-02,Credit Card,1299,Failed
460,130,2024-03-07,Net Banking,129,Success
461,130,2024-04-06,UPI,129,Success
462,130,2024-05-06,Credit Card,119,Failed
463,130,2024-06-05,Debit Card,119,Failed
464,131,2024-10-21,UPI,1199,Success
465,132,2026-03-13,Credit Card,1199,Success
466,132,2027-03-13,Debit Card,999,Success
467,133,2025-08-23,Credit Card,99,Success
468,133,2025-09-22,UPI,119,Success
469,133,2025-10-22,Debit Card,119,Success
470,133,2025-11-21,Net Banking,119,Failed
471,133,2025-12-21,Credit Card,99,Failed
472,133,2026-01-20,Credit Card,99,Success
473,133,2026-02-19,Credit Card,99,Success
474,134,2025-12-07,UPI,129,Success
475,134,2026-01-06,Credit Card,99,Success
476,135,2025-11-23,Net Banking,999,Success
477,136,2025-09-05,Debit Card,129,Success
478,136,2025-10-05,Net Banking,99,Failed
479,136,2025-11-04,Credit Card,119,Success
480,136,2025-12-04,Credit Card,119,Success
481,137,2026-03-15,Debit Card,1299,Success
482,138,2025-01-16,Debit Card,129,Failed
483,138,2025-02-15,UPI,129,Success
484,138,2025-03-17,Net Banking,119,Success
485,138,2025-04-16,UPI,99,Success
486,138,2025-05-16,Net Banking,129,Success
487,138,2025-06-15,UPI,129,Success
488,138,2025-07-15,UPI,119,Success
489,138,2025-08-14,Net Banking,99,Success
490,138,2025-09-13,UPI,129,Failed
491,138,2025-10-13,Net Banking,129,Success
492,138,2025-11-12,Net Banking,99,Success
493,138,2025-12-12,Net Banking,119,Success
494,138,2026-01-11,UPI,129,Failed
495,139,2024-08-08,Debit Card,999,Failed
496,140,2023-12-19,UPI,99,Success
497,140,2024-01-18,Net Banking,129,Success
498,140,2024-02-17,UPI,99,Success
499,140,2024-03-18,UPI,129,Success
500,140,2024-04-17,Credit Card,119,Success
501,140,2024-05-17,Debit Card,119,Success
502,140,2024-06-16,Net Banking,99,Success
503,140,2024-07-16,Net Banking,119,Success
504,140,2024-08-15,Debit Card,129,Failed
505,140,2024-09-14,Net Banking,99,Failed
506,140,2024-10-14,Debit Card,99,Failed
507,140,2024-11-13,Debit Card,119,Success
508,140,2024-12-13,Net Banking,129,Success
509,141,2024-04-07,UPI,129,Success
510,141,2024-05-07,Credit Card,119,Success
511,141,2024-06-06,Net Banking,99,Success
512,141,2024-07-06,UPI,129,Success
513,141,2024-08-05,UPI,119,Success
514,141,2024-09-04,Net Banking,99,Failed
515,141,2024-10-04,UPI,99,Success
516,141,2024-11-03,Debit Card,99,Success
517,141,2024-12-03,UPI,129,Failed
518,141,2025-01-02,Debit Card,119,Success
519,141,2025-02-01,Net Banking,99,Failed
520,141,2025-03-03,Credit Card,99,Success
521,141,2025-04-02,UPI,99,Success
522,142,2023-09-24,Credit Card,129,Success
523,142,2023-10-24,Credit Card,119,Success
524,142,2023-11-23,UPI,99,Success
525,142,2023-12-23,Debit Card,119,Failed
526,142,2024-01-22,Credit Card,119,Success
527,142,2024-02-21,UPI,129,Success
528,142,2024-03-22,Debit Card,129,Success
529,142,2024-04-21,Debit Card,119,Success
530,142,2024-05-21,Credit Card,129,Failed
531,142,2024-06-20,UPI,119,Success
532,142,2024-07-20,Net Banking,99,Success
533,142,2024-08-19,UPI,129,Success
534,142,2024-09-18,UPI,119,Success
535,143,2024-12-04,Debit Card,349,Failed
536,143,2025-03-04,Net Banking,329,Success
537,143,2025-06-02,Net Banking,329,Failed
538,143,2025-08-31,UPI,349,Failed
539,143,2025-11-29,Debit Card,299,Success
540,144,2023-10-03,Credit Card,1199,Success
541,145,2026-03-05,Net Banking,1199,Success
542,145,2027-03-05,UPI,1299,Success
543,146,2025-01-24,Debit Card,999,Success
544,147,2024-11-28,Debit Card,329,Success
545,148,2024-09-24,Credit Card,129,Failed
546,148,2024-10-24,Debit Card,119,Success
547,148,2024-11-23,Debit Card,129,Success
548,148,2024-12-23,Credit Card,129,Failed
549,148,2025-01-22,Credit Card,129,Success
550,148,2025-02-21,Credit Card,129,Success
551,148,2025-03-23,Credit Card,99,Success
552,149,2025-07-27,Debit Card,999,Success
553,150,2025-10-20,UPI,99,Success
554,150,2025-11-19,Net Banking,129,Success
555,151,2026-06-18,UPI,349,Failed
556,151,2026-09-16,Debit Card,329,Failed
557,151,2026-12-15,Debit Card,349,Failed
558,151,2027-03-15,Debit Card,299,Failed
559,151,2027-06-13,Credit Card,299,Success
560,152,2025-07-19,Net Banking,1299,Failed
561,153,2025-07-03,UPI,129,Success
562,153,2025-08-02,Credit Card,119,Failed
563,154,2024-02-06,Net Banking,99,Success
564,154,2024-03-07,UPI,129,Success
565,154,2024-04-06,Credit Card,129,Failed
566,154,2024-05-06,UPI,129,Success
567,154,2024-06-05,Debit Card,119,Success
568,154,2024-07-05,Debit Card,129,Success
569,154,2024-08-04,Net Banking,119,Success
570,154,2024-09-03,Credit Card,119,Failed
571,154,2024-10-03,Credit Card,119,Failed
572,154,2024-11-02,Debit Card,129,Success
573,154,2024-12-02,Debit Card,119,Failed
574,154,2025-01-01,Credit Card,99,Success
575,154,2025-01-31,Debit Card,99,Success
576,155,2025-11-18,Net Banking,349,Failed
577,155,2026-02-16,Credit Card,299,Success
578,155,2026-05-17,UPI,329,Success
579,156,2024-07-09,Net Banking,119,Success
580,156,2024-08-08,Debit Card,129,Failed
581,156,2024-09-07,Debit Card,119,Success
582,156,2024-10-07,UPI,119,Success
583,157,2023-12-01,Credit Card,299,Success
584,157,2024-02-29,UPI,329,Failed
585,157,2024-05-29,Debit Card,349,Success
586,157,2024-08-27,Debit Card,329,Success
587,157,2024-11-25,UPI,329,Failed
588,158,2025-12-10,Debit Card,299,Success
589,158,2026-03-10,Credit Card,349,Success
590,158,2026-06-08,Debit Card,329,Failed
591,158,2026-09-06,Net Banking,349,Success
592,158,2026-12-05,Debit Card,329,Failed
593,159,2025-04-14,Credit Card,349,Success
594,159,2025-07-13,Debit Card,349,Failed
595,159,2025-10-11,Net Banking,349,Success
596,159,2026-01-09,Credit Card,299,Success
597,159,2026-04-09,Debit Card,299,Success
598,160,2025-10-30,Debit Card,1299,Success
599,161,2023-12-01,Net Banking,1299,Success
600,162,2023-12-13,Debit Card,119,Failed
601,162,2024-01-12,Credit Card,119,Success
602,162,2024-02-11,Credit Card,99,Success
603,162,2024-03-12,Debit Card,129,Success
604,162,2024-04-11,Credit Card,99,Failed
605,162,2024-05-11,UPI,99,Success
606,162,2024-06-10,UPI,119,Success
607,163,2024-02-14,UPI,1199,Success
608,164,2025-12-22,Credit Card,1199,Success
609,164,2026-12-22,Net Banking,1299,Success
610,165,2025-09-27,Credit Card,999,Success
611,166,2024-09-23,Credit Card,119,Success
612,166,2024-10-23,Credit Card,129,Success
613,166,2024-11-22,Debit Card,99,Success
614,166,2024-12-22,Net Banking,119,Success
615,167,2024-01-23,Net Banking,349,Success
616,168,2025-01-08,Credit Card,1299,Failed
617,168,2026-01-08,Net Banking,1299,Success
618,169,2024-07-28,Net Banking,1199,Success
619,169,2025-07-28,Net Banking,999,Success
620,170,2026-03-04,Net Banking,119,Success
621,170,2026-04-03,Debit Card,99,Success
622,170,2026-05-03,Credit Card,99,Success
623,170,2026-06-02,Net Banking,119,Success
624,170,2026-07-02,Net Banking,129,Failed
625,170,2026-08-01,UPI,119,Failed
626,170,2026-08-31,Credit Card,119,Success
627,170,2026-09-30,Debit Card,129,Success
628,170,2026-10-30,Net Banking,119,Failed
629,170,2026-11-29,Credit Card,99,Failed
630,170,2026-12-29,Credit Card,119,Success
631,170,2027-01-28,Net Banking,99,Success
632,170,2027-02-27,Debit Card,129,Success
633,171,2024-01-20,Debit Card,349,Failed
634,171,2024-04-19,UPI,299,Success
635,172,2025-01-28,Debit Card,99,Success
636,172,2025-02-27,Net Banking,129,Failed
637,172,2025-03-29,Net Banking,119,Success
638,172,2025-04-28,UPI,119,Success
639,172,2025-05-28,UPI,99,Success
640,172,2025-06-27,Debit Card,99,Success
641,172,2025-07-27,Net Banking,99,Success
642,173,2024-02-02,UPI,99,Success
643,173,2024-03-03,Net Banking,99,Success
644,173,2024-04-02,Net Banking,119,Success
645,173,2024-05-02,Debit Card,119,Failed
646,173,2024-06-01,UPI,129,Success
647,173,2024-07-01,Credit Card,99,Success
648,173,2024-07-31,Net Banking,119,Success
649,174,2023-12-21,Net Banking,129,Success
650,174,2024-01-20,Debit Card,99,Failed
651,175,2024-10-04,UPI,999,Success
652,175,2025-10-04,Net Banking,1199,Success
653,176,2024-09-01,UPI,129,Success
654,176,2024-10-01,UPI,119,Success
655,177,2025-07-15,Net Banking,119,Success
656,177,2025-08-14,Credit Card,119,Success
657,177,2025-09-13,UPI,129,Success
658,177,2025-10-13,Debit Card,119,Success
659,178,2025-09-28,UPI,1199,Success
660,179,2025-12-20,Credit Card,299,Failed
661,180,2025-06-13,UPI,119,Success
662,180,2025-07-13,UPI,119,Failed
663,181,2024-06-03,UPI,299,Success
664,182,2026-05-19,Net Banking,129,Success
665,182,2026-06-18,UPI,119,Success
666,182,2026-07-18,Net Banking,99,Success
667,182,2026-08-17,Debit Card,129,Success
668,182,2026-09-16,Debit Card,99,Success
669,182,2026-10-16,UPI,129,Success
670,182,2026-11-15,Credit Card,119,Success
671,182,2026-12-15,Debit Card,129,Failed
672,182,2027-01-14,Credit Card,129,Success
673,182,2027-02-13,Net Banking,129,Success
674,182,2027-03-15,Credit Card,129,Success
675,182,2027-04-14,Net Banking,99,Failed
676,182,2027-05-14,Debit Card,129,Failed
677,183,2024-02-20,Credit Card,99,Success
678,183,2024-03-21,Net Banking,119,Success
679,183,2024-04-20,Credit Card,129,Success
680,183,2024-05-20,Credit Card,129,Failed
681,184,2023-10-04,Debit Card,1199,Success
682,185,2025-10-05,UPI,119,Failed
683,185,2025-11-04,Credit Card,129,Success
684,185,2025-12-04,Debit Card,129,Success
685,185,2026-01-03,UPI,119,Failed
686,185,2026-02-02,Net Banking,99,Success
687,185,2026-03-04,Debit Card,129,Success
688,185,2026-04-03,Debit Card,119,Success
689,186,2026-01-11,UPI,999,Success
690,187,2024-01-10,Credit Card,99,Success
691,187,2024-02-09,UPI,99,Failed
692,187,2024-03-10,UPI,99,Success
693,187,2024-04-09,Net Banking,129,Failed
694,187,2024-05-09,Debit Card,129,Success
695,187,2024-06-08,Credit Card,119,Success
696,187,2024-07-08,Credit Card,99,Failed
697,188,2026-01-11,Net Banking,99,Success
698,188,2026-02-10,Net Banking,119,Success
699,188,2026-03-12,UPI,129,Success
700,188,2026-04-11,UPI,129,Success
701,188,2026-05-11,UPI,119,Success
702,188,2026-06-10,UPI,129,Success
703,188,2026-07-10,Credit Card,129,Failed
704,189,2025-08-20,Credit Card,299,Success
705,189,2025-11-18,Credit Card,349,Failed
706,190,2024-02-10,UPI,349,Success
707,190,2024-05-10,Net Banking,349,Failed
708,190,2024-08-08,Credit Card,299,Success
709,191,2023-11-21,Net Banking,1299,Success
710,192,2026-04-24,Credit Card,1299,Failed
711,193,2026-07-20,Debit Card,1199,Success
712,193,2027-07-20,Net Banking,1199,Failed
713,194,2025-06-02,Debit Card,129,Success
714,194,2025-07-02,Credit Card,129,Failed
715,194,2025-08-01,Debit Card,129,Success
716,194,2025-08-31,Net Banking,119,Failed
717,194,2025-09-30,UPI,99,Success
718,194,2025-10-30,UPI,129,Success
719,194,2025-11-29,UPI,119,Success
720,194,2025-12-29,Credit Card,99,Success
721,194,2026-01-28,Debit Card,99,Success
722,194,2026-02-27,UPI,99,Failed
723,194,2026-03-29,Credit Card,119,Success
724,194,2026-04-28,Debit Card,119,Success
725,194,2026-05-28,Debit Card,99,Success
726,195,2026-05-19,Net Banking,999,Success
727,196,2025-12-04,UPI,1299,Success
728,196,2026-12-04,Credit Card,1199,Failed
729,197,2025-01-21,UPI,1299,Success
730,198,2025-06-30,Net Banking,299,Success
731,198,2025-09-28,Debit Card,299,Success
732,198,2025-12-27,Net Banking,329,Success
733,198,2026-03-27,UPI,299,Failed
734,198,2026-06-25,Debit Card,299,Success
735,199,2024-12-22,Credit Card,329,Success
736,199,2025-03-22,Credit Card,349,Success
737,200,2024-03-30,Net Banking,99,Failed
738,200,2024-04-29,UPI,129,Success
739,200,2024-05-29,Debit Card,119,Failed
740,200,2024-06-28,Credit Card,99,Success
741,200,2024-07-28,Net Banking,99,Success
742,200,2024-08-27,Net Banking,129,Success
743,200,2024-09-26,Net Banking,99,Failed
744,200,2024-10-26,Credit Card,129,Success
745,200,2024-11-25,Credit Card,119,Failed
746,200,2024-12-25,Credit Card,119,Success
747,200,2025-01-24,UPI,99,Success
748,200,2025-02-23,Debit Card,119,Success
749,200,2025-03-25,Net Banking,99,Failed
750,201,2025-02-06,Debit Card,119,Success
751,201,2025-03-08,Debit Card,119,Success
752,201,2025-04-07,Credit Card,119,Success
753,201,2025-05-07,Net Banking,129,Success
754,201,2025-06-06,UPI,119,Success
755,201,2025-07-06,Debit Card,99,Success
756,201,2025-08-05,UPI,129,Success
757,201,2025-09-04,UPI,129,Success
758,201,2025-10-04,Credit Card,129,Success
759,201,2025-11-03,Debit Card,99,Success
760,201,2025-12-03,Net Banking,119,Failed
761,201,2026-01-02,Debit Card,99,Success
762,201,2026-02-01,Credit Card,129,Success
763,202,2025-08-17,Debit Card,349,Failed
764,202,2025-11-15,Credit Card,349,Success
765,203,2023-12-03,UPI,329,Success
766,203,2024-03-02,UPI,299,Success
767,204,2025-06-04,Debit Card,999,Success
768,205,2026-06-05,UPI,329,Success
769,205,2026-09-03,Debit Card,329,Success
770,205,2026-12-02,UPI,299,Success
771,205,2027-03-02,Net Banking,349,Success
772,205,2027-05-31,UPI,329,Success
773,206,2026-01-10,UPI,329,Success
774,206,2026-04-10,Net Banking,299,Success
775,207,2026-06-20,Credit Card,299,Success
776,207,2026-09-18,Net Banking,329,Failed
777,208,2023-09-15,Credit Card,349,Success
778,208,2023-12-14,Debit Card,329,Success
779,209,2024-04-20,Debit Card,349,Success
780,210,2025-07-07,Debit Card,129,Success
781,210,2025-08-06,Debit Card,129,Failed
782,210,2025-09-05,Debit Card,99,Success
783,210,2025-10-05,Debit Card,99,Failed
784,210,2025-11-04,Credit Card,129,Success
785,210,2025-12-04,Net Banking,129,Success
786,210,2026-01-03,Credit Card,119,Success
787,211,2026-02-26,Debit Card,119,Success
788,211,2026-03-28,Credit Card,119,Success
789,211,2026-04-27,Credit Card,129,Success
790,211,2026-05-27,Debit Card,99,Success
791,212,2026-06-27,Credit Card,329,Success
792,212,2026-09-25,UPI,329,Success
793,212,2026-12-24,Debit Card,299,Success
794,213,2024-07-15,UPI,129,Success
795,213,2024-08-14,Net Banking,119,Success
796,214,2024-09-25,Debit Card,1199,Success
797,215,2024-01-02,UPI,299,Success
798,215,2024-04-01,UPI,299,Success
799,216,2025-04-12,Credit Card,349,Success
800,216,2025-07-11,UPI,299,Success
801,217,2024-10-24,Net Banking,99,Success
802,217,2024-11-23,Net Banking,129,Success
803,217,2024-12-23,Net Banking,99,Failed
804,217,2025-01-22,Credit Card,119,Success
805,217,2025-02-21,Credit Card,99,Success
806,217,2025-03-23,UPI,119,Success
807,217,2025-04-22,Credit Card,119,Success
808,218,2024-06-16,UPI,99,Success
809,218,2024-07-16,Net Banking,119,Success
810,218,2024-08-15,Credit Card,119,Failed
811,218,2024-09-14,UPI,119,Failed
812,219,2024-07-12,Debit Card,1299,Failed
813,220,2023-10-01,UPI,129,Success
814,220,2023-10-31,Net Banking,119,Success
815,220,2023-11-30,Net Banking,99,Success
816,220,2023-12-30,Net Banking,129,Success
817,220,2024-01-29,Debit Card,99,Failed
818,220,2024-02-28,Debit Card,119,Success
819,220,2024-03-29,Credit Card,119,Failed
820,220,2024-04-28,UPI,119,Success
821,220,2024-05-28,Net Banking,119,Success
822,220,2024-06-27,UPI,129,Success
823,220,2024-07-27,Credit Card,129,Failed
824,220,2024-08-26,Debit Card,119,Failed
825,220,2024-09-25,Credit Card,99,Failed
826,221,2025-05-31,Credit Card,349,Failed
827,221,2025-08-29,Debit Card,299,Success
828,222,2023-11-02,Credit Card,1299,Success
829,223,2023-12-03,UPI,299,Failed
830,223,2024-03-02,Debit Card,349,Success
831,223,2024-05-31,Net Banking,349,Success
832,224,2024-06-24,Net Banking,329,Success
833,224,2024-09-22,Debit Card,299,Success
834,224,2024-12-21,Credit Card,299,Success
835,224,2025-03-21,UPI,349,Failed
836,224,2025-06-19,Debit Card,329,Failed
837,225,2024-07-11,Credit Card,329,Success
838,225,2024-10-09,Credit Card,299,Success
839,225,2025-01-07,Debit Card,349,Success
840,226,2023-12-05,Net Banking,329,Failed
841,226,2024-03-04,UPI,349,Failed
842,226,2024-06-02,Credit Card,299,Failed
843,227,2024-06-25,Net Banking,329,Failed
844,227,2024-09-23,UPI,299,Success
845,227,2024-12-22,Debit Card,349,Success
846,227,2025-03-22,Credit Card,299,Success
847,227,2025-06-20,Debit Card,299,Success
848,228,2025-10-31,UPI,999,Success
849,229,2025-07-13,UPI,329,Success
850,229,2025-10-11,Net Banking,299,Success
851,229,2026-01-09,Debit Card,299,Success
852,229,2026-04-09,Debit Card,329,Success
853,229,2026-07-08,Debit Card,299,Success
854,230,2025-02-13,Net Banking,329,Success
855,230,2025-05-14,UPI,329,Success
856,231,2026-06-13,Credit Card,329,Success
857,231,2026-09-11,Debit Card,349,Success
858,231,2026-12-10,Net Banking,349,Success
859,232,2025-02-13,Credit Card,1299,Success
860,233,2023-10-11,UPI,999,Failed
861,234,2026-07-27,Debit Card,129,Failed
862,234,2026-08-26,Debit Card,129,Success
863,234,2026-09-25,Debit Card,129,Success
864,234,2026-10-25,Net Banking,129,Failed
865,235,2025-01-31,Credit Card,1199,Success
866,236,2024-04-13,Debit Card,349,Success
867,236,2024-07-12,UPI,299,Success
868,236,2024-10-10,UPI,329,Success
869,236,2025-01-08,Net Banking,349,Failed
870,236,2025-04-08,Debit Card,299,Success
871,237,2024-05-30,Credit Card,129,Success
872,237,2024-06-29,Credit Card,129,Success
873,237,2024-07-29,UPI,119,Success
874,237,2024-08-28,Debit Card,119,Success
875,238,2024-12-02,Debit Card,99,Success
876,238,2025-01-01,UPI,119,Success
877,238,2025-01-31,Debit Card,99,Success
878,238,2025-03-02,Net Banking,129,Failed
879,238,2025-04-01,Credit Card,99,Failed
880,238,2025-05-01,Net Banking,99,Success
881,238,2025-05-31,Net Banking,119,Success
882,239,2024-02-07,Debit Card,1299,Success
883,239,2025-02-06,UPI,1299,Success
884,240,2024-02-07,Debit Card,349,Success
885,240,2024-05-07,Credit Card,299,Success
886,241,2024-12-04,Debit Card,299,Failed
887,241,2025-03-04,Credit Card,349,Failed
888,241,2025-06-02,UPI,299,Success
889,242,2024-05-07,Debit Card,1299,Success
890,242,2025-05-07,Net Banking,1199,Success
891,243,2023-10-24,Credit Card,329,Success
892,243,2024-01-22,Debit Card,329,Success
893,243,2024-04-21,Debit Card,349,Success
894,243,2024-07-20,Debit Card,299,Success
895,243,2024-10-18,UPI,299,Failed
896,244,2025-05-31,UPI,1299,Failed
897,245,2025-06-08,Credit Card,129,Success
898,245,2025-07-08,Net Banking,119,Success
899,245,2025-08-07,Credit Card,119,Success
900,245,2025-09-06,Credit Card,129,Success
901,245,2025-10-06,UPI,129,Failed
902,245,2025-11-05,UPI,119,Success
903,245,2025-12-05,UPI,119,Success
904,246,2025-09-27,Net Banking,1199,Success
905,247,2023-11-07,Debit Card,99,Success
906,247,2023-12-07,Debit Card,129,Success
907,247,2024-01-06,Credit Card,119,Success
908,247,2024-02-05,Debit Card,119,Success
909,247,2024-03-06,UPI,119,Success
910,247,2024-04-05,Credit Card,99,Success
911,247,2024-05-05,UPI,99,Success
912,247,2024-06-04,Debit Card,99,Success
913,247,2024-07-04,Credit Card,119,Success
914,247,2024-08-03,Credit Card,129,Success
915,247,2024-09-02,Debit Card,99,Success
916,247,2024-10-02,Net Banking,129,Success
917,247,2024-11-01,UPI,99,Failed
918,248,2024-02-19,UPI,1299,Success
919,249,2025-01-13,UPI,119,Success
920,249,2025-02-12,Net Banking,119,Success
921,250,2024-01-07,Net Banking,129,Success
922,250,2024-02-06,Debit Card,119,Success
923,251,2024-10-13,UPI,129,Failed
924,251,2024-11-12,Credit Card,129,Success
925,251,2024-12-12,Net Banking,129,Success
926,251,2025-01-11,Debit Card,119,Failed
927,251,2025-02-10,Credit Card,119,Success
928,251,2025-03-12,Debit Card,99,Success
929,251,2025-04-11,Credit Card,119,Success
930,251,2025-05-11,Net Banking,119,Failed
931,251,2025-06-10,UPI,99,Failed
932,251,2025-07-10,Debit Card,99,Failed
933,251,2025-08-09,Credit Card,119,Success
934,251,2025-09-08,Credit Card,119,Success
935,251,2025-10-08,UPI,119,Success
936,252,2025-01-20,UPI,129,Success
937,252,2025-02-19,Net Banking,129,Failed
938,252,2025-03-21,Net Banking,129,Success
939,252,2025-04-20,Credit Card,129,Success
940,253,2026-03-14,Net Banking,119,Success
941,253,2026-04-13,Credit Card,119,Failed
942,253,2026-05-13,Debit Card,119,Success
943,253,2026-06-12,UPI,99,Failed
944,254,2026-02-07,Net Banking,999,Success
945,255,2024-04-19,UPI,349,Failed
946,255,2024-07-18,Debit Card,299,Failed
947,255,2024-10-16,UPI,299,Failed
948,255,2025-01-14,Net Banking,329,Success
949,255,2025-04-14,Credit Card,299,Success
950,256,2023-10-11,UPI,1299,Success
951,257,2024-02-07,Credit Card,1299,Failed
952,257,2025-02-06,Debit Card,1299,Failed
953,258,2025-05-28,Net Banking,129,Success
954,258,2025-06-27,Debit Card,99,Success
955,258,2025-07-27,Debit Card,129,Failed
956,258,2025-08-26,Debit Card,129,Success
957,258,2025-09-25,UPI,129,Failed
958,258,2025-10-25,Debit Card,99,Success
959,258,2025-11-24,UPI,119,Success
960,258,2025-12-24,Debit Card,129,Success
961,258,2026-01-23,UPI,119,Success
962,258,2026-02-22,Net Banking,119,Success
963,258,2026-03-24,Net Banking,129,Failed
964,258,2026-04-23,Net Banking,119,Success
965,258,2026-05-23,Credit Card,129,Failed
966,259,2025-07-02,Credit Card,999,Failed
967,260,2024-10-04,Net Banking,119,Success
968,260,2024-11-03,Credit Card,119,Success
969,260,2024-12-03,UPI,99,Success
970,260,2025-01-02,Net Banking,99,Failed
971,260,2025-02-01,UPI,99,Success
972,260,2025-03-03,Net Banking,129,Failed
973,260,2025-04-02,Net Banking,129,Success
974,260,2025-05-02,Net Banking,119,Failed
975,260,2025-06-01,Debit Card,119,Success
976,260,2025-07-01,Net Banking,99,Success
977,260,2025-07-31,Net Banking,129,Success
978,260,2025-08-30,Debit Card,129,Failed
979,260,2025-09-29,Debit Card,129,Success
980,261,2024-07-27,Net Banking,999,Success
981,262,2025-11-26,Net Banking,999,Success
982,263,2024-04-17,Debit Card,99,Failed
983,263,2024-05-17,UPI,129,Success
984,263,2024-06-16,Net Banking,99,Success
985,263,2024-07-16,Debit Card,129,Success
986,263,2024-08-15,UPI,119,Failed
987,263,2024-09-14,Net Banking,119,Success
988,263,2024-10-14,Debit Card,119,Success
989,264,2024-03-29,Credit Card,119,Success
990,264,2024-04-28,Debit Card,129,Success
991,264,2024-05-28,Net Banking,99,Success
992,264,2024-06-27,UPI,129,Success
993,264,2024-07-27,UPI,129,Success
994,264,2024-08-26,UPI,119,Success
995,264,2024-09-25,UPI,129,Success
996,264,2024-10-25,Credit Card,119,Success
997,264,2024-11-24,Debit Card,119,Success
998,264,2024-12-24,UPI,129,Success
999,264,2025-01-23,Credit Card,129,Failed
1000,264,2025-02-22,Credit Card,119,Success
1001,264,2025-03-24,Credit Card,129,Failed
1002,265,2024-04-09,UPI,99,Success
1003,265,2024-05-09,Credit Card,99,Success
1004,266,2024-04-11,Net Banking,119,Failed
1005,266,2024-05-11,Net Banking,99,Success
1006,266,2024-06-10,Debit Card,99,Success
1007,266,2024-07-10,Debit Card,129,Success
1008,267,2024-11-16,Credit Card,999,Failed
1009,268,2023-11-09,Net Banking,329,Success
1010,268,2024-02-07,Credit Card,329,Failed
1011,268,2024-05-07,Net Banking,349,Failed
1012,269,2023-10-30,Credit Card,329,Failed
1013,269,2024-01-28,Debit Card,299,Failed
1014,269,2024-04-27,Debit Card,329,Success
1015,270,2025-01-20,Debit Card,299,Failed
1016,271,2024-09-06,Debit Card,349,Success
1017,271,2024-12-05,Debit Card,329,Success
1018,271,2025-03-05,Net Banking,329,Failed
1019,271,2025-06-03,Credit Card,349,Success
1020,271,2025-09-01,Debit Card,349,Success
1021,272,2026-03-12,UPI,1199,Success
1022,273,2024-04-01,UPI,299,Failed
1023,273,2024-06-30,UPI,299,Failed
1024,274,2024-06-24,Credit Card,1199,Success
1025,275,2026-07-10,Credit Card,119,Success
1026,275,2026-08-09,UPI,99,Success
1027,276,2024-06-11,Credit Card,349,Success
1028,276,2024-09-09,UPI,349,Success
1029,276,2024-12-08,Credit Card,349,Failed
1030,276,2025-03-08,Credit Card,349,Success
1031,276,2025-06-06,Credit Card,349,Success
1032,277,2023-11-24,Net Banking,1199,Success
1033,277,2024-11-23,Net Banking,1299,Success
1034,278,2025-04-12,Debit Card,119,Success
1035,278,2025-05-12,UPI,99,Success
1036,278,2025-06-11,Net Banking,99,Failed
1037,278,2025-07-11,UPI,119,Success
1038,278,2025-08-10,Credit Card,119,Failed
1039,278,2025-09-09,Net Banking,99,Success
1040,278,2025-10-09,Net Banking,129,Success
1041,278,2025-11-08,Net Banking,129,Success
1042,278,2025-12-08,Net Banking,99,Success
1043,278,2026-01-07,UPI,129,Failed
1044,278,2026-02-06,Debit Card,129,Success
1045,278,2026-03-08,UPI,99,Success
1046,278,2026-04-07,Debit Card,129,Failed
1047,279,2025-04-20,Net Banking,999,Success
1048,280,2024-04-16,UPI,129,Success
1049,280,2024-05-16,Net Banking,129,Success
1050,280,2024-06-15,Debit Card,99,Failed
1051,280,2024-07-15,UPI,129,Failed
1052,281,2026-06-25,Net Banking,329,Failed
1053,281,2026-09-23,UPI,349,Success
1054,281,2026-12-22,Net Banking,299,Failed
1055,281,2027-03-22,Debit Card,299,Success
1056,281,2027-06-20,Debit Card,349,Failed
1057,282,2023-10-24,UPI,999,Success
1058,283,2024-02-07,Debit Card,1299,Success
1059,284,2026-07-08,Debit Card,119,Success
1060,284,2026-08-07,UPI,99,Failed
1061,285,2026-04-22,Credit Card,1299,Success
1062,286,2023-11-23,Net Banking,349,Success
1063,286,2024-02-21,Debit Card,349,Failed
1064,286,2024-05-21,Net Banking,299,Success
1065,286,2024-08-19,UPI,299,Success
1066,286,2024-11-17,Credit Card,299,Failed
1067,287,2024-01-07,UPI,119,Success
1068,287,2024-02-06,Net Banking,119,Success
1069,288,2024-03-06,Debit Card,999,Success
1070,289,2024-07-30,UPI,119,Failed
1071,289,2024-08-29,Credit Card,99,Failed
1072,290,2024-10-13,Credit Card,129,Success
1073,290,2024-11-12,UPI,99,Success
1074,290,2024-12-12,UPI,119,Failed
1075,290,2025-01-11,UPI,129,Success
1076,290,2025-02-10,Credit Card,129,Success
1077,290,2025-03-12,UPI,99,Success
1078,290,2025-04-11,Net Banking,99,Success
1079,291,2025-12-19,UPI,1299,Success
1080,292,2024-12-31,Net Banking,999,Success
1081,293,2024-08-01,Credit Card,99,Failed
1082,293,2024-08-31,Net Banking,119,Success
1083,293,2024-09-30,Credit Card,99,Success
1084,293,2024-10-30,UPI,99,Success
1085,293,2024-11-29,UPI,119,Success
1086,293,2024-12-29,Credit Card,119,Failed
1087,293,2025-01-28,Debit Card,99,Success
1088,293,2025-02-27,Credit Card,119,Success
1089,293,2025-03-29,UPI,99,Failed
1090,293,2025-04-28,UPI,99,Failed
1091,293,2025-05-28,UPI,99,Success
1092,293,2025-06-27,UPI,99,Success
1093,293,2025-07-27,Net Banking,119,Success
1094,294,2024-08-24,Credit Card,99,Success
1095,294,2024-09-23,Net Banking,129,Failed
1096,294,2024-10-23,Credit Card,99,Success
1097,294,2024-11-22,Credit Card,129,Failed
1098,294,2024-12-22,UPI,129,Success
1099,294,2025-01-21,Net Banking,119,Success
1100,294,2025-02-20,Credit Card,129,Success
1101,295,2026-02-22,UPI,999,Success
1102,296,2024-02-15,Credit Card,1299,Failed
1103,296,2025-02-14,Credit Card,1299,Success
1104,297,2024-07-06,Credit Card,299,Success
1105,297,2024-10-04,Net Banking,299,Failed
1106,297,2025-01-02,Credit Card,299,Success
1107,298,2024-08-30,Debit Card,999,Success
1108,299,2026-06-04,Net Banking,999,Success
1109,300,2024-06-08,Net Banking,119,Success
1110,300,2024-07-08,UPI,99,Success
1111,300,2024-08-07,UPI,99,Failed
1112,300,2024-09-06,UPI,129,Success
1113,300,2024-10-06,Net Banking,99,Success
1114,300,2024-11-05,Credit Card,119,Success
1115,300,2024-12-05,UPI,99,Success
1116,301,2025-03-29,UPI,299,Success
1117,302,2024-06-20,Net Banking,129,Success
1118,302,2024-07-20,Credit Card,119,Success
1119,302,2024-08-19,Net Banking,119,Success
1120,302,2024-09-18,Credit Card,119,Success
1121,303,2025-11-23,Net Banking,1299,Success
1122,304,2025-04-22,Debit Card,329,Success
1123,304,2025-07-21,Credit Card,329,Success
1124,304,2025-10-19,Credit Card,329,Success
1125,304,2026-01-17,UPI,299,Success
1126,304,2026-04-17,Credit Card,329,Success
1127,305,2024-03-11,Net Banking,1199,Failed
1128,306,2024-08-10,Debit Card,299,Success
1129,306,2024-11-08,Credit Card,329,Success
1130,306,2025-02-06,Credit Card,349,Success
1131,307,2024-05-14,Net Banking,119,Success
1132,307,2024-06-13,Net Banking,129,Failed
1133,307,2024-07-13,UPI,119,Failed
1134,307,2024-08-12,Credit Card,129,Success
1135,307,2024-09-11,Net Banking,119,Success
1136,307,2024-10-11,Credit Card,129,Success
1137,307,2024-11-10,UPI,119,Success
1138,307,2024-12-10,UPI,119,Failed
1139,307,2025-01-09,Net Banking,129,Failed
1140,307,2025-02-08,UPI,129,Failed
1141,307,2025-03-10,Credit Card,119,Success
1142,307,2025-04-09,UPI,129,Failed
1143,307,2025-05-09,Credit Card,99,Success
1144,308,2024-09-23,Credit Card,1199,Success
1145,309,2026-03-28,Net Banking,299,Success
1146,309,2026-06-26,Net Banking,299,Success
1147,309,2026-09-24,Net Banking,329,Success
1148,309,2026-12-23,Net Banking,349,Success
1149,309,2027-03-23,Net Banking,329,Success
1150,310,2024-10-10,UPI,1299,Failed
1151,311,2025-02-14,Debit Card,129,Success
1152,311,2025-03-16,Net Banking,119,Success
1153,311,2025-04-15,Credit Card,129,Success
1154,311,2025-05-15,Debit Card,129,Success
1155,311,2025-06-14,Debit Card,129,Success
1156,311,2025-07-14,Net Banking,99,Success
1157,311,2025-08-13,UPI,119,Success
1158,311,2025-09-12,Credit Card,119,Success
1159,311,2025-10-12,Credit Card,129,Success
1160,311,2025-11-11,Credit Card,119,Success
1161,311,2025-12-11,Net Banking,129,Success
1162,311,2026-01-10,Credit Card,129,Success
1163,311,2026-02-09,Debit Card,119,Failed
1164,312,2025-06-12,UPI,119,Success
1165,312,2025-07-12,Debit Card,119,Failed
1166,312,2025-08-11,UPI,119,Failed
1167,312,2025-09-10,Debit Card,129,Failed
1168,312,2025-10-10,Debit Card,129,Success
1169,312,2025-11-09,Net Banking,99,Success
1170,312,2025-12-09,Net Banking,99,Success
1171,313,2026-08-02,UPI,119,Success
1172,313,2026-09-01,Debit Card,99,Success
1173,314,2024-11-25,Credit Card,129,Failed
1174,314,2024-12-25,Credit Card,99,Success
1175,314,2025-01-24,Net Banking,119,Success
1176,314,2025-02-23,Debit Card,119,Failed
1177,314,2025-03-25,UPI,119,Success
1178,314,2025-04-24,UPI,99,Success
1179,314,2025-05-24,Debit Card,99,Failed
1180,315,2025-02-10,Debit Card,1299,Success
1181,315,2026-02-10,Net Banking,1199,Failed
1182,316,2024-03-26,Credit Card,1199,Success
1183,317,2024-08-13,Debit Card,299,Success
1184,317,2024-11-11,Debit Card,329,Success
1185,317,2025-02-09,Credit Card,299,Success
1186,317,2025-05-10,Net Banking,329,Success
1187,317,2025-08-08,Credit Card,349,Success
1188,318,2024-12-27,Credit Card,99,Success
1189,318,2025-01-26,Credit Card,99,Success
1190,318,2025-02-25,Debit Card,99,Success
1191,318,2025-03-27,Debit Card,119,Success
1192,318,2025-04-26,Credit Card,99,Success
1193,318,2025-05-26,Debit Card,129,Success
1194,318,2025-06-25,Debit Card,99,Failed
1195,319,2024-06-26,Credit Card,129,Success
1196,319,2024-07-26,UPI,99,Failed
1197,320,2025-10-28,Credit Card,329,Failed
1198,320,2026-01-26,Credit Card,329,Success
1199,320,2026-04-26,Debit Card,349,Success
1200,321,2025-05-24,Debit Card,329,Success
1201,321,2025-08-22,Net Banking,349,Success
1202,321,2025-11-20,UPI,349,Failed
1203,322,2024-12-18,Credit Card,99,Success
1204,322,2025-01-17,UPI,119,Failed
1205,323,2024-12-17,Credit Card,129,Failed
1206,323,2025-01-16,UPI,119,Success
1207,324,2026-04-15,Credit Card,299,Success
1208,324,2026-07-14,Credit Card,329,Success
1209,324,2026-10-12,Net Banking,299,Success
1210,324,2027-01-10,Net Banking,349,Success
1211,324,2027-04-10,Debit Card,329,Success
1212,325,2025-07-30,Debit Card,129,Failed
1213,325,2025-08-29,Net Banking,99,Success
1214,325,2025-09-28,Debit Card,119,Success
1215,325,2025-10-28,Debit Card,119,Success
1216,325,2025-11-27,Net Banking,119,Success
1217,325,2025-12-27,Net Banking,99,Failed
1218,325,2026-01-26,Debit Card,119,Success
1219,325,2026-02-25,Net Banking,129,Failed
1220,325,2026-03-27,UPI,99,Success
1221,325,2026-04-26,Debit Card,99,Failed
1222,325,2026-05-26,Debit Card,129,Success
1223,325,2026-06-25,Net Banking,129,Success
1224,325,2026-07-25,Net Banking,99,Success
1225,326,2025-07-08,Credit Card,119,Failed
1226,326,2025-08-07,Credit Card,129,Success
1227,327,2023-09-19,Net Banking,999,Success
1228,328,2024-06-07,Net Banking,1299,Success
1229,329,2024-10-25,Debit Card,329,Failed
1230,329,2025-01-23,Net Banking,349,Success
1231,329,2025-04-23,UPI,299,Success
1232,330,2026-03-06,Debit Card,329,Failed
1233,331,2025-11-15,Debit Card,299,Failed
1234,331,2026-02-13,Net Banking,299,Success
1235,331,2026-05-14,UPI,299,Success
1236,331,2026-08-12,UPI,329,Success
1237,331,2026-11-10,Net Banking,349,Failed
1238,332,2025-07-11,Net Banking,1199,Success
1239,333,2025-07-10,UPI,1199,Success
1240,334,2024-07-08,UPI,999,Success
1241,335,2024-10-31,Net Banking,119,Success
1242,335,2024-11-30,Credit Card,119,Success
1243,335,2024-12-30,Debit Card,119,Failed
1244,335,2025-01-29,Debit Card,129,Success
1245,335,2025-02-28,Debit Card,119,Success
1246,335,2025-03-30,Credit Card,129,Success
1247,335,2025-04-29,Credit Card,99,Success
1248,335,2025-05-29,Debit Card,119,Success
1249,335,2025-06-28,Debit Card,129,Success
1250,335,2025-07-28,Debit Card,129,Success
1251,335,2025-08-27,Credit Card,99,Success
1252,335,2025-09-26,Net Banking,119,Failed
1253,335,2025-10-26,Credit Card,119,Success
1254,336,2024-06-08,Credit Card,299,Success
1255,336,2024-09-06,UPI,299,Failed
1256,337,2023-12-05,UPI,329,Success
1257,337,2024-03-04,UPI,299,Failed
1258,337,2024-06-02,Debit Card,329,Success
1259,338,2026-03-06,Net Banking,99,Success
1260,338,2026-04-05,Debit Card,99,Success
1261,338,2026-05-05,UPI,129,Success
1262,338,2026-06-04,Credit Card,99,Success
1263,338,2026-07-04,Credit Card,119,Success
1264,338,2026-08-03,UPI,99,Failed
1265,338,2026-09-02,UPI,129,Success
1266,338,2026-10-02,Net Banking,99,Failed
1267,338,2026-11-01,Credit Card,99,Success
1268,338,2026-12-01,UPI,99,Failed
1269,338,2026-12-31,Debit Card,99,Success
1270,338,2027-01-30,Debit Card,99,Success
1271,338,2027-03-01,UPI,99,Success
1272,339,2025-03-18,Credit Card,129,Success
1273,339,2025-04-17,Debit Card,129,Success
1274,340,2024-09-30,Credit Card,299,Success
1275,340,2024-12-29,Debit Card,349,Success
1276,340,2025-03-29,Credit Card,299,Success
1277,340,2025-06-27,UPI,299,Success
1278,340,2025-09-25,Credit Card,349,Success
1279,341,2025-07-22,UPI,299,Success
1280,341,2025-10-20,Net Banking,299,Success
1281,341,2026-01-18,Credit Card,349,Failed
1282,341,2026-04-18,UPI,349,Success
1283,341,2026-07-17,Net Banking,329,Failed
1284,342,2025-08-16,Credit Card,99,Failed
1285,342,2025-09-15,Debit Card,99,Success
1286,342,2025-10-15,UPI,119,Success
1287,342,2025-11-14,Debit Card,119,Success
1288,342,2025-12-14,UPI,129,Success
1289,342,2026-01-13,Net Banking,119,Success
1290,342,2026-02-12,Debit Card,119,Failed
1291,342,2026-03-14,Debit Card,129,Failed
1292,342,2026-04-13,Net Banking,99,Success
1293,342,2026-05-13,Credit Card,119,Success
1294,342,2026-06-12,Debit Card,119,Success
1295,342,2026-07-12,Net Banking,99,Success
1296,342,2026-08-11,Net Banking,119,Success
1297,343,2026-05-28,Credit Card,299,Failed
1298,343,2026-08-26,UPI,329,Success
1299,343,2026-11-24,Debit Card,299,Success
1300,344,2026-07-18,Credit Card,1199,Failed
1301,345,2025-09-16,Credit Card,999,Failed
1302,345,2026-09-16,Net Banking,1299,Success
1303,346,2026-05-10,Debit Card,349,Failed
1304,346,2026-08-08,Net Banking,329,Failed
1305,347,2024-09-22,Debit Card,119,Success
1306,347,2024-10-22,UPI,119,Success
1307,348,2024-11-14,Net Banking,119,Failed
1308,348,2024-12-14,Credit Card,99,Success
1309,348,2025-01-13,UPI,99,Success
1310,348,2025-02-12,UPI,119,Success
1311,348,2025-03-14,Debit Card,119,Success
1312,348,2025-04-13,UPI,119,Success
1313,348,2025-05-13,Net Banking,129,Failed
1314,349,2026-07-06,Debit Card,299,Failed
1315,349,2026-10-04,Debit Card,329,Success
1316,349,2027-01-02,UPI,349,Success
1317,349,2027-04-02,UPI,329,Failed
1318,349,2027-07-01,Debit Card,329,Failed
1319,350,2026-02-17,Net Banking,329,Success
1320,350,2026-05-18,Credit Card,299,Success
1321,350,2026-08-16,Credit Card,349,Failed
1322,350,2026-11-14,Credit Card,329,Success
1323,350,2027-02-12,Net Banking,349,Failed
1324,351,2026-01-13,Net Banking,299,Failed
1325,351,2026-04-13,Credit Card,329,Success
1326,351,2026-07-12,Debit Card,329,Failed
1327,351,2026-10-10,Net Banking,349,Success
1328,351,2027-01-08,Debit Card,329,Success
1329,352,2026-05-28,UPI,999,Success
1330,352,2027-05-28,Debit Card,1199,Success
1331,353,2026-05-10,Debit Card,349,Failed
1332,353,2026-08-08,Net Banking,299,Success
1333,354,2025-03-25,Net Banking,1199,Success
1334,355,2024-06-13,Credit Card,299,Success
1335,355,2024-09-11,Debit Card,299,Success
1336,356,2026-05-04,UPI,129,Success
1337,356,2026-06-03,Debit Card,99,Success
1338,356,2026-07-03,Debit Card,99,Success
1339,356,2026-08-02,Net Banking,119,Failed
1340,356,2026-09-01,UPI,119,Failed
1341,356,2026-10-01,UPI,129,Success
1342,356,2026-10-31,Net Banking,119,Success
1343,357,2025-09-14,UPI,349,Failed
1344,357,2025-12-13,Credit Card,299,Success
1345,357,2026-03-13,Debit Card,329,Success
1346,357,2026-06-11,Debit Card,349,Success
1347,357,2026-09-09,Credit Card,329,Failed
1348,358,2024-09-06,UPI,1299,Success
1349,359,2025-03-18,Debit Card,1199,Success
1350,359,2026-03-18,Net Banking,1199,Success
1351,360,2025-06-01,UPI,349,Success
1352,360,2025-08-30,Debit Card,349,Success
1353,361,2024-02-02,Net Banking,299,Failed
1354,361,2024-05-02,Debit Card,299,Success
1355,361,2024-07-31,Debit Card,349,Success
1356,361,2024-10-29,Debit Card,329,Success
1357,361,2025-01-27,Net Banking,329,Success
1358,362,2025-02-12,Net Banking,349,Success
1359,362,2025-05-13,Credit Card,299,Failed
1360,362,2025-08-11,Net Banking,299,Success
1361,362,2025-11-09,Net Banking,349,Success
1362,362,2026-02-07,Credit Card,349,Success
1363,363,2024-06-13,Credit Card,1199,Success
1364,364,2025-04-29,Debit Card,999,Failed
1365,365,2025-06-01,Debit Card,1199,Success
1366,366,2025-04-10,Credit Card,1299,Failed
1367,367,2025-02-09,Debit Card,1199,Success
1368,367,2026-02-09,Credit Card,1199,Failed
1369,368,2026-02-02,UPI,299,Success
1370,368,2026-05-03,UPI,299,Success
1371,369,2023-12-24,Net Banking,1199,Failed
1372,370,2024-10-31,Net Banking,349,Failed
1373,371,2025-10-08,UPI,129,Success
1374,371,2025-11-07,Debit Card,99,Success
1375,371,2025-12-07,Debit Card,99,Success
1376,371,2026-01-06,Credit Card,129,Success
1377,371,2026-02-05,Net Banking,129,Success
1378,371,2026-03-07,UPI,99,Success
1379,371,2026-04-06,Debit Card,129,Success
1380,371,2026-05-06,Debit Card,119,Success
1381,371,2026-06-05,Credit Card,119,Success
1382,371,2026-07-05,UPI,99,Success
1383,371,2026-08-04,UPI,119,Success
1384,371,2026-09-03,UPI,129,Success
1385,371,2026-10-03,Net Banking,119,Success
1386,372,2025-05-09,Credit Card,119,Success
1387,372,2025-06-08,Credit Card,99,Success
1388,372,2025-07-08,Net Banking,119,Failed
1389,372,2025-08-07,UPI,119,Failed
1390,372,2025-09-06,Debit Card,129,Success
1391,372,2025-10-06,Net Banking,119,Failed
1392,372,2025-11-05,Credit Card,129,Success
1393,373,2024-05-13,Debit Card,999,Failed
1394,374,2025-04-08,Debit Card,1299,Success
1395,375,2024-09-28,UPI,299,Success
1396,375,2024-12-27,Credit Card,349,Success
1397,375,2025-03-27,Net Banking,349,Success
1398,375,2025-06-25,Debit Card,349,Success
1399,375,2025-09-23,Credit Card,349,Failed
1400,376,2026-06-01,UPI,329,Failed
1401,377,2025-11-13,Debit Card,1199,Success
1402,377,2026-11-13,Debit Card,999,Success
1403,378,2023-12-15,Net Banking,999,Success
1404,378,2024-12-14,Net Banking,1299,Success
1405,379,2026-05-01,UPI,1199,Failed
1406,379,2027-05-01,Net Banking,1199,Success
1407,380,2025-06-20,Net Banking,349,Success
1408,381,2025-06-19,Debit Card,99,Success
1409,381,2025-07-19,Net Banking,119,Success
1410,382,2024-12-21,UPI,1199,Success
1411,383,2024-02-22,Credit Card,129,Failed
1412,383,2024-03-23,Credit Card,129,Success
1413,383,2024-04-22,Credit Card,119,Success
1414,383,2024-05-22,UPI,119,Success
1415,383,2024-06-21,Credit Card,99,Success
1416,383,2024-07-21,Net Banking,129,Success
1417,383,2024-08-20,Net Banking,119,Success
1418,384,2024-10-30,Credit Card,1199,Success
1419,385,2025-09-15,Credit Card,329,Success
1420,385,2025-12-14,Debit Card,329,Success
1421,385,2026-03-14,Net Banking,329,Success
1422,385,2026-06-12,UPI,299,Success
1423,385,2026-09-10,Net Banking,299,Success
1424,386,2025-04-07,Credit Card,119,Success
1425,386,2025-05-07,Net Banking,119,Success
1426,386,2025-06-06,UPI,99,Success
1427,386,2025-07-06,UPI,99,Success
1428,386,2025-08-05,Net Banking,129,Failed
1429,386,2025-09-04,Net Banking,129,Success
1430,386,2025-10-04,Credit Card,99,Success
1431,386,2025-11-03,Debit Card,119,Failed
1432,386,2025-12-03,Credit Card,119,Failed
1433,386,2026-01-02,Credit Card,99,Success
1434,386,2026-02-01,Credit Card,129,Failed
1435,386,2026-03-03,Net Banking,99,Success
1436,386,2026-04-02,Debit Card,99,Success
1437,387,2024-08-17,Net Banking,99,Success
1438,387,2024-09-16,Net Banking,119,Success
1439,388,2024-10-03,Net Banking,99,Success
1440,388,2024-11-02,Net Banking,119,Success
1441,388,2024-12-02,Net Banking,129,Failed
1442,388,2025-01-01,Debit Card,129,Success
1443,388,2025-01-31,UPI,99,Success
1444,388,2025-03-02,Credit Card,119,Failed
1445,388,2025-04-01,UPI,119,Success
1446,389,2025-06-01,Net Banking,329,Success
1447,389,2025-08-30,Debit Card,329,Success
1448,390,2026-03-03,UPI,349,Success
1449,390,2026-06-01,Credit Card,329,Failed
1450,390,2026-08-30,Net Banking,329,Success
1451,391,2025-04-10,Debit Card,999,Failed
1452,391,2026-04-10,Debit Card,999,Success
1453,392,2024-05-16,UPI,329,Success
1454,392,2024-08-14,Debit Card,329,Success
1455,393,2024-12-03,Debit Card,329,Success
1456,394,2025-07-28,Debit Card,349,Success
1457,395,2024-11-05,Credit Card,119,Success
1458,395,2024-12-05,Net Banking,129,Success
1459,395,2025-01-04,Net Banking,129,Success
1460,395,2025-02-03,Credit Card,99,Success
1461,395,2025-03-05,Credit Card,99,Success
1462,395,2025-04-04,Debit Card,119,Success
1463,395,2025-05-04,Net Banking,129,Failed
1464,395,2025-06-03,Net Banking,99,Success
1465,395,2025-07-03,Debit Card,119,Failed
1466,395,2025-08-02,Net Banking,119,Success
1467,395,2025-09-01,Credit Card,129,Success
1468,395,2025-10-01,UPI,119,Success
1469,395,2025-10-31,Credit Card,119,Success
1470,396,2025-05-15,Debit Card,1299,Success
1471,397,2025-07-17,UPI,349,Success
1472,397,2025-10-15,UPI,329,Success
1473,398,2025-01-17,UPI,329,Success
1474,398,2025-04-17,Debit Card,299,Success
1475,398,2025-07-16,Debit Card,329,Success
1476,399,2026-07-14,Credit Card,119,Success
1477,399,2026-08-13,Net Banking,99,Failed
1478,399,2026-09-12,Debit Card,119,Success
1479,399,2026-10-12,UPI,119,Failed
1480,399,2026-11-11,Credit Card,119,Success
1481,399,2026-12-11,Debit Card,99,Success
1482,399,2027-01-10,UPI,99,Failed
1483,399,2027-02-09,Net Banking,99,Success
1484,399,2027-03-11,Credit Card,99,Failed
1485,399,2027-04-10,UPI,99,Success
1486,399,2027-05-10,Net Banking,99,Failed
1487,399,2027-06-09,Credit Card,119,Success
1488,399,2027-07-09,Net Banking,119,Failed
1489,400,2024-09-08,Debit Card,349,Success
1490,400,2024-12-07,UPI,329,Success
1491,400,2025-03-07,Credit Card,349,Failed
1492,400,2025-06-05,Net Banking,329,Failed
1493,400,2025-09-03,Net Banking,329,Success
1494,401,2025-02-18,Debit Card,119,Success
1495,401,2025-03-20,Net Banking,119,Success
1496,401,2025-04-19,Debit Card,99,Failed
1497,401,2025-05-19,Credit Card,129,Success
1498,401,2025-06-18,UPI,119,Success
1499,401,2025-07-18,Net Banking,119,Success
1500,401,2025-08-17,Debit Card,119,Success
1501,401,2025-09-16,Debit Card,99,Success
1502,401,2025-10-16,Net Banking,129,Success
1503,401,2025-11-15,UPI,129,Success
1504,401,2025-12-15,UPI,99,Failed
1505,401,2026-01-14,UPI,119,Failed
1506,401,2026-02-13,Debit Card,129,Success
1507,402,2024-07-31,UPI,1199,Success
1508,402,2025-07-31,Net Banking,999,Success
1509,403,2026-01-30,Net Banking,299,Success
1510,403,2026-04-30,Net Banking,299,Success
1511,403,2026-07-29,Net Banking,329,Failed
1512,403,2026-10-27,Debit Card,349,Success
1513,403,2027-01-25,Credit Card,299,Success
1514,404,2026-03-01,Debit Card,299,Success
1515,405,2025-06-06,UPI,1199,Success
1516,406,2024-03-27,UPI,119,Success
1517,406,2024-04-26,Net Banking,99,Failed
1518,407,2026-05-23,Net Banking,1299,Failed
1519,408,2026-02-23,Debit Card,1199,Failed
1520,409,2026-01-15,UPI,1199,Success
1521,410,2025-02-19,UPI,999,Success
1522,411,2024-10-04,UPI,999,Success
1523,412,2024-05-08,Credit Card,299,Failed
1524,412,2024-08-06,Credit Card,349,Success
1525,413,2024-12-04,Credit Card,329,Success
1526,413,2025-03-04,Net Banking,329,Success
1527,413,2025-06-02,Net Banking,329,Success
1528,413,2025-08-31,Credit Card,299,Success
1529,413,2025-11-29,Net Banking,349,Failed
1530,414,2024-07-22,UPI,329,Failed
1531,414,2024-10-20,Credit Card,349,Success
1532,415,2025-05-07,Net Banking,119,Success
1533,415,2025-06-06,UPI,119,Success
1534,415,2025-07-06,Net Banking,129,Failed
1535,415,2025-08-05,Debit Card,119,Success
1536,416,2025-10-18,Net Banking,329,Failed
1537,416,2026-01-16,Net Banking,349,Success
1538,416,2026-04-16,UPI,349,Success
1539,416,2026-07-15,Debit Card,329,Success
1540,416,2026-10-13,Net Banking,329,Failed
1541,417,2026-03-20,Net Banking,999,Success
1542,418,2024-05-03,Net Banking,329,Success
1543,418,2024-08-01,Debit Card,299,Success
1544,419,2024-12-17,Debit Card,329,Failed
1545,419,2025-03-17,Credit Card,299,Success
1546,419,2025-06-15,Net Banking,349,Success
1547,419,2025-09-13,Net Banking,329,Failed
1548,419,2025-12-12,Debit Card,349,Failed
1549,420,2024-02-19,Credit Card,999,Success
1550,421,2025-02-19,UPI,129,Failed
1551,421,2025-03-21,Credit Card,99,Success
1552,421,2025-04-20,Net Banking,99,Success
1553,421,2025-05-20,Net Banking,119,Success
1554,422,2025-09-18,Credit Card,999,Success
1555,423,2024-01-17,Debit Card,999,Success
1556,424,2024-05-12,Credit Card,1199,Success
1557,425,2026-06-03,UPI,349,Success
1558,425,2026-09-01,Net Banking,329,Success
1559,426,2025-08-22,Credit Card,129,Success
1560,426,2025-09-21,Credit Card,129,Failed
1561,426,2025-10-21,Debit Card,119,Success
1562,426,2025-11-20,Debit Card,99,Success
1563,426,2025-12-20,UPI,129,Success
1564,426,2026-01-19,Net Banking,119,Success
1565,426,2026-02-18,UPI,99,Success
1566,427,2026-06-09,UPI,129,Success
1567,427,2026-07-09,UPI,129,Success
1568,427,2026-08-08,Credit Card,119,Success
1569,427,2026-09-07,Net Banking,129,Failed
1570,427,2026-10-07,UPI,129,Success
1571,427,2026-11-06,Debit Card,129,Success
1572,427,2026-12-06,UPI,99,Success
1573,427,2027-01-05,Net Banking,119,Success
1574,427,2027-02-04,Net Banking,99,Success
1575,427,2027-03-06,Credit Card,119,Success
1576,427,2027-04-05,Debit Card,119,Failed
1577,427,2027-05-05,Credit Card,119,Success
1578,427,2027-06-04,Net Banking,129,Success
1579,428,2025-06-22,Net Banking,999,Failed
1580,429,2024-07-13,Net Banking,1199,Success
1581,429,2025-07-13,Net Banking,999,Success
1582,430,2026-05-10,UPI,999,Success
1583,431,2026-01-08,Debit Card,1199,Failed
1584,431,2027-01-08,Net Banking,999,Success
1585,432,2024-08-25,UPI,1199,Success
1586,432,2025-08-25,UPI,1299,Success
1587,433,2025-01-27,Net Banking,329,Success
1588,434,2024-11-06,Debit Card,349,Success
1589,434,2025-02-04,Debit Card,299,Success
1590,434,2025-05-05,Net Banking,349,Failed
1591,435,2024-08-07,Credit Card,1299,Failed
1592,436,2026-07-02,Debit Card,1299,Failed
1593,437,2024-11-30,Debit Card,999,Success
1594,438,2025-06-11,Debit Card,299,Failed
1595,438,2025-09-09,Credit Card,349,Success
1596,439,2026-01-11,UPI,99,Success
1597,439,2026-02-10,Debit Card,129,Success
1598,440,2025-02-03,UPI,99,Success
1599,440,2025-03-05,Debit Card,99,Failed
1600,440,2025-04-04,UPI,129,Success
1601,440,2025-05-04,Debit Card,119,Success
1602,440,2025-06-03,UPI,99,Success
1603,440,2025-07-03,Debit Card,119,Success
1604,440,2025-08-02,Debit Card,119,Success
1605,441,2025-10-28,Credit Card,349,Success
1606,441,2026-01-26,Debit Card,329,Success
1607,442,2025-07-09,Net Banking,1299,Success
1608,443,2024-09-28,Debit Card,299,Success
1609,443,2024-12-27,Net Banking,329,Success
1610,443,2025-03-27,Net Banking,299,Failed
1611,443,2025-06-25,UPI,299,Success
1612,443,2025-09-23,Credit Card,329,Failed
1613,444,2026-07-16,Net Banking,999,Success
1614,445,2026-02-25,Net Banking,329,Failed
1615,445,2026-05-26,Net Banking,329,Failed
1616,445,2026-08-24,Net Banking,329,Failed
1617,445,2026-11-22,Credit Card,299,Success
1618,445,2027-02-20,Net Banking,329,Success
1619,446,2023-10-22,UPI,349,Success
1620,446,2024-01-20,Net Banking,329,Success
1621,447,2025-06-14,Credit Card,1299,Success
1622,448,2024-02-16,Net Banking,299,Success
1623,448,2024-05-16,Debit Card,299,Success
1624,449,2025-05-14,Credit Card,99,Success
1625,449,2025-06-13,Debit Card,119,Success
1626,449,2025-07-13,Debit Card,119,Failed
1627,449,2025-08-12,Credit Card,99,Success
1628,449,2025-09-11,Net Banking,129,Success
1629,449,2025-10-11,Debit Card,119,Success
1630,449,2025-11-10,Net Banking,99,Success
1631,450,2025-12-26,Debit Card,299,Success
1632,450,2026-03-26,Net Banking,299,Failed
1633,451,2024-04-27,Debit Card,1299,Failed
1634,451,2025-04-27,Net Banking,1199,Failed
1635,452,2024-12-14,Credit Card,349,Success
1636,453,2026-02-06,Net Banking,349,Failed
1637,454,2025-09-11,Net Banking,129,Success
1638,454,2025-10-11,Debit Card,129,Success
1639,454,2025-11-10,Net Banking,129,Failed
1640,454,2025-12-10,Net Banking,99,Success
1641,455,2026-03-16,UPI,1299,Failed
1642,455,2027-03-16,Debit Card,1299,Success
1643,456,2026-05-31,UPI,299,Success
1644,456,2026-08-29,UPI,349,Success
1645,456,2026-11-27,UPI,299,Success
1646,456,2027-02-25,UPI,329,Success
1647,456,2027-05-26,Credit Card,349,Success
1648,457,2024-09-13,Credit Card,329,Success
1649,457,2024-12-12,Net Banking,349,Success
1650,457,2025-03-12,Debit Card,349,Failed
1651,457,2025-06-10,UPI,349,Failed
1652,457,2025-09-08,Debit Card,299,Failed
1653,458,2026-04-25,Net Banking,299,Success
1654,458,2026-07-24,Debit Card,349,Failed
1655,458,2026-10-22,UPI,329,Success
1656,458,2027-01-20,Credit Card,299,Success
1657,458,2027-04-20,Credit Card,299,Success
1658,459,2026-04-14,Credit Card,99,Success
1659,459,2026-05-14,Credit Card,119,Success
1660,459,2026-06-13,Debit Card,129,Success
1661,459,2026-07-13,UPI,99,Success
1662,460,2026-01-07,UPI,119,Success
1663,460,2026-02-06,Net Banking,99,Success
1664,461,2026-06-29,Net Banking,119,Success
1665,461,2026-07-29,Credit Card,99,Success
1666,461,2026-08-28,Credit Card,129,Failed
1667,461,2026-09-27,Net Banking,129,Success
1668,461,2026-10-27,UPI,119,Success
1669,461,2026-11-26,Net Banking,119,Success
1670,461,2026-12-26,UPI,119,Failed
1671,462,2024-01-09,Credit Card,129,Success
1672,462,2024-02-08,UPI,119,Success
1673,462,2024-03-09,Credit Card,129,Success
1674,462,2024-04-08,Net Banking,129,Failed
1675,462,2024-05-08,Credit Card,99,Success
1676,462,2024-06-07,Credit Card,119,Success
1677,462,2024-07-07,Net Banking,129,Failed
1678,463,2025-06-18,UPI,99,Failed
1679,463,2025-07-18,Debit Card,129,Success
1680,463,2025-08-17,UPI,99,Failed
1681,463,2025-09-16,Debit Card,119,Failed
1682,463,2025-10-16,Credit Card,119,Success
1683,463,2025-11-15,Credit Card,99,Success
1684,463,2025-12-15,UPI,119,Failed
1685,464,2024-02-08,UPI,1299,Success
1686,464,2025-02-07,Debit Card,1299,Failed
1687,465,2025-03-15,Debit Card,999,Success
1688,465,2026-03-15,Debit Card,1299,Failed
1689,466,2024-08-25,Credit Card,1199,Success
1690,467,2026-07-24,Credit Card,329,Failed
1691,468,2025-10-27,Debit Card,1299,Success
1692,469,2024-01-19,Credit Card,1299,Success
1693,470,2024-02-16,Net Banking,1299,Success
1694,470,2025-02-15,Credit Card,999,Failed
1695,471,2025-05-15,Net Banking,349,Failed
1696,471,2025-08-13,UPI,349,Success
1697,472,2025-11-20,UPI,1299,Failed
1698,473,2026-06-26,UPI,349,Success
1699,473,2026-09-24,Debit Card,329,Failed
1700,474,2024-07-13,UPI,299,Success
1701,475,2025-08-29,Debit Card,329,Success
1702,475,2025-11-27,UPI,329,Success
1703,475,2026-02-25,UPI,349,Success
1704,476,2024-01-27,Debit Card,349,Success
1705,477,2023-10-27,Debit Card,99,Success
1706,477,2023-11-26,Net Banking,99,Success
1707,478,2024-09-26,Debit Card,999,Failed
1708,479,2023-10-17,Credit Card,1299,Success
1709,480,2025-10-23,Net Banking,99,Success
1710,480,2025-11-22,Net Banking,119,Success
1711,480,2025-12-22,Credit Card,129,Success
1712,480,2026-01-21,Credit Card,99,Success
1713,480,2026-02-20,Debit Card,99,Success
1714,480,2026-03-22,Debit Card,129,Success
1715,480,2026-04-21,UPI,129,Success
1716,480,2026-05-21,Net Banking,129,Success
1717,480,2026-06-20,UPI,119,Success
1718,480,2026-07-20,Net Banking,119,Success
1719,480,2026-08-19,Net Banking,99,Failed
1720,480,2026-09-18,UPI,119,Success
1721,480,2026-10-18,Debit Card,99,Failed
1722,481,2024-07-31,Net Banking,129,Success
1723,481,2024-08-30,Net Banking,99,Success
1724,481,2024-09-29,UPI,119,Success
1725,481,2024-10-29,Credit Card,129,Failed
1726,482,2025-09-17,Credit Card,99,Success
1727,482,2025-10-17,Debit Card,99,Success
1728,482,2025-11-16,UPI,99,Success
1729,482,2025-12-16,Net Banking,119,Success
1730,483,2024-04-02,Debit Card,1299,Success
1731,484,2025-04-23,UPI,999,Failed
1732,485,2023-12-12,Debit Card,299,Success
1733,485,2024-03-11,Credit Card,329,Success
1734,486,2025-09-13,Net Banking,349,Success
1735,486,2025-12-12,Net Banking,349,Success
1736,486,2026-03-12,UPI,299,Success
1737,487,2024-05-26,Debit Card,1199,Success
1738,488,2023-09-18,UPI,99,Failed
1739,488,2023-10-18,Debit Card,99,Failed
1740,489,2024-02-07,UPI,99,Success
1741,489,2024-03-08,UPI,129,Success
1742,489,2024-04-07,Net Banking,119,Success
1743,489,2024-05-07,Net Banking,129,Success
1744,489,2024-06-06,UPI,129,Failed
1745,489,2024-07-06,Net Banking,119,Failed
1746,489,2024-08-05,UPI,129,Success
1747,489,2024-09-04,UPI,129,Failed
1748,489,2024-10-04,Debit Card,129,Success
1749,489,2024-11-03,UPI,99,Success
1750,489,2024-12-03,UPI,129,Success
1751,489,2025-01-02,Credit Card,129,Success
1752,489,2025-02-01,Net Banking,119,Failed
1753,490,2024-11-10,Net Banking,1299,Success
1754,491,2025-12-23,Credit Card,999,Success
1755,492,2026-04-22,Credit Card,99,Success
1756,492,2026-05-22,Net Banking,129,Success
1757,492,2026-06-21,Credit Card,119,Success
1758,492,2026-07-21,Debit Card,119,Success
1759,493,2025-07-01,Debit Card,1199,Success
1760,494,2025-09-29,Credit Card,129,Success
1761,494,2025-10-29,UPI,99,Failed
1762,494,2025-11-28,Credit Card,119,Success
1763,494,2025-12-28,Credit Card,129,Success
1764,494,2026-01-27,Credit Card,119,Failed
1765,494,2026-02-26,Net Banking,129,Success
1766,494,2026-03-28,Debit Card,129,Success
1767,495,2026-01-19,Debit Card,329,Success
1768,495,2026-04-19,Net Banking,299,Success
1769,495,2026-07-18,Credit Card,329,Success
1770,495,2026-10-16,Credit Card,349,Success
1771,495,2027-01-14,Credit Card,329,Success
1772,496,2023-10-11,Debit Card,1199,Failed
1773,497,2026-01-22,Net Banking,999,Success
1774,498,2024-04-16,Debit Card,299,Success
1775,498,2024-07-15,Debit Card,299,Success
1776,498,2024-10-13,UPI,349,Success
1777,498,2025-01-11,Net Banking,329,Success
1778,498,2025-04-11,Debit Card,349,Success
1779,499,2025-05-04,Credit Card,99,Success
1780,499,2025-06-03,Credit Card,119,Success
1781,499,2025-07-03,Credit Card,119,Success
1782,499,2025-08-02,Credit Card,129,Success
1783,499,2025-09-01,UPI,99,Success
1784,499,2025-10-01,UPI,119,Success
1785,499,2025-10-31,Credit Card,129,Failed
1786,499,2025-11-30,UPI,129,Success
1787,499,2025-12-30,Debit Card,99,Failed
1788,499,2026-01-29,Debit Card,99,Success
1789,499,2026-02-28,Credit Card,129,Failed
1790,499,2026-03-30,UPI,129,Success
1791,499,2026-04-29,Credit Card,99,Success
1792,500,2024-11-12,Net Banking,299,Success
1793,501,2026-02-19,Net Banking,1199,Success
1794,502,2024-07-31,Credit Card,299,Success
1795,502,2024-10-29,Debit Card,299,Success
1796,502,2025-01-27,Debit Card,299,Success
1797,503,2024-03-13,Net Banking,349,Success
1798,503,2024-06-11,UPI,349,Failed
1799,503,2024-09-09,UPI,349,Success
1800,503,2024-12-08,Net Banking,349,Success
1801,503,2025-03-08,Net Banking,329,Success
1802,504,2024-04-03,Debit Card,1199,Failed
1803,505,2024-03-20,Net Banking,1299,Failed
1804,506,2024-11-28,Net Banking,1199,Success
1805,506,2025-11-28,Credit Card,999,Success
1806,507,2025-05-22,Credit Card,119,Failed
1807,507,2025-06-21,Debit Card,99,Failed
1808,507,2025-07-21,Credit Card,119,Success
1809,507,2025-08-20,UPI,119,Success
1810,507,2025-09-19,Debit Card,99,Failed
1811,507,2025-10-19,Debit Card,129,Success
1812,507,2025-11-18,UPI,129,Failed
1813,508,2024-07-13,Debit Card,129,Failed
1814,508,2024-08-12,Net Banking,119,Failed
1815,508,2024-09-11,Debit Card,119,Failed
1816,508,2024-10-11,Debit Card,119,Failed
1817,508,2024-11-10,Credit Card,99,Failed
1818,508,2024-12-10,Debit Card,99,Success
1819,508,2025-01-09,UPI,119,Success
1820,508,2025-02-08,UPI,129,Success
1821,508,2025-03-10,UPI,99,Success
1822,508,2025-04-09,Debit Card,99,Success
1823,508,2025-05-09,Credit Card,129,Success
1824,508,2025-06-08,Debit Card,99,Success
1825,508,2025-07-08,Debit Card,119,Success
1826,509,2026-03-19,Credit Card,129,Success
1827,509,2026-04-18,Debit Card,99,Success
1828,509,2026-05-18,Net Banking,119,Failed
1829,509,2026-06-17,UPI,129,Failed
1830,509,2026-07-17,Credit Card,129,Failed
1831,509,2026-08-16,Credit Card,99,Success
1832,509,2026-09-15,Credit Card,119,Failed
1833,509,2026-10-15,Net Banking,129,Success
1834,509,2026-11-14,Debit Card,99,Success
1835,509,2026-12-14,Net Banking,119,Success
1836,509,2027-01-13,Net Banking,119,Success
1837,509,2027-02-12,Credit Card,119,Success
1838,509,2027-03-14,UPI,119,Failed
1839,510,2024-12-17,Debit Card,349,Success
1840,510,2025-03-17,Net Banking,299,Failed
1841,510,2025-06-15,Net Banking,349,Success
1842,510,2025-09-13,UPI,329,Success
1843,510,2025-12-12,Credit Card,299,Success
1844,511,2025-07-29,Net Banking,349,Failed
1845,511,2025-10-27,Net Banking,299,Success
1846,511,2026-01-25,Net Banking,349,Success
1847,512,2025-05-20,UPI,1199,Success
1848,513,2024-06-23,Net Banking,1299,Success
1849,514,2025-01-26,Credit Card,299,Success
1850,514,2025-04-26,Credit Card,349,Success
1851,514,2025-07-25,Net Banking,349,Success
1852,514,2025-10-23,Credit Card,299,Success
1853,514,2026-01-21,Debit Card,329,Success
1854,515,2026-06-06,Debit Card,99,Success
1855,515,2026-07-06,UPI,119,Success
1856,516,2024-11-16,UPI,1299,Success
1857,517,2024-04-22,Net Banking,119,Failed
1858,517,2024-05-22,UPI,99,Success
1859,517,2024-06-21,Net Banking,129,Failed
1860,517,2024-07-21,UPI,129,Failed
1861,517,2024-08-20,Credit Card,99,Success
1862,517,2024-09-19,Net Banking,119,Failed
1863,517,2024-10-19,Debit Card,99,Success
1864,517,2024-11-18,Net Banking,129,Success
1865,517,2024-12-18,UPI,99,Success
1866,517,2025-01-17,UPI,119,Failed
1867,517,2025-02-16,Credit Card,129,Success
1868,517,2025-03-18,Net Banking,129,Failed
1869,517,2025-04-17,UPI,119,Success
1870,518,2026-02-26,Net Banking,119,Success
1871,518,2026-03-28,Debit Card,129,Failed
1872,519,2026-05-22,Credit Card,349,Failed
1873,519,2026-08-20,Credit Card,299,Failed
1874,519,2026-11-18,Net Banking,329,Success
1875,519,2027-02-16,UPI,349,Failed
1876,519,2027-05-17,UPI,349,Success
1877,520,2024-05-24,Debit Card,299,Success
1878,521,2025-05-07,UPI,1299,Success
1879,522,2024-12-15,Net Banking,1199,Success
1880,523,2025-02-28,UPI,119,Success
1881,523,2025-03-30,Debit Card,129,Failed
1882,523,2025-04-29,Credit Card,119,Success
1883,523,2025-05-29,UPI,99,Failed
1884,523,2025-06-28,UPI,99,Failed
1885,523,2025-07-28,Debit Card,119,Failed
1886,523,2025-08-27,Net Banking,99,Success
1887,524,2025-06-02,Debit Card,99,Success
1888,524,2025-07-02,Credit Card,129,Success
1889,524,2025-08-01,Net Banking,129,Failed
1890,524,2025-08-31,UPI,119,Success
1891,524,2025-09-30,Credit Card,129,Failed
1892,524,2025-10-30,Net Banking,99,Success
1893,524,2025-11-29,Credit Card,99,Success
1894,525,2024-07-26,UPI,349,Success
1895,525,2024-10-24,UPI,329,Failed
1896,525,2025-01-22,UPI,299,Success
1897,526,2024-07-05,Debit Card,349,Success
1898,527,2026-03-28,Debit Card,119,Success
1899,527,2026-04-27,UPI,99,Success
1900,527,2026-05-27,UPI,119,Success
1901,527,2026-06-26,Debit Card,119,Failed
1902,528,2024-02-28,UPI,999,Success
1903,528,2025-02-27,Credit Card,1199,Success
1904,529,2025-08-26,Credit Card,1199,Success
1905,530,2024-04-14,UPI,299,Failed
1906,530,2024-07-13,UPI,299,Success
1907,531,2026-03-08,UPI,999,Success
1908,532,2026-03-14,Credit Card,99,Success
1909,532,2026-04-13,Net Banking,99,Success
1910,533,2026-05-18,Debit Card,329,Success
1911,533,2026-08-16,Credit Card,349,Failed
1912,534,2024-12-21,UPI,119,Success
1913,534,2025-01-20,UPI,99,Success
1914,535,2023-09-29,Credit Card,1199,Success
1915,536,2024-08-11,Debit Card,119,Success
1916,536,2024-09-10,Credit Card,119,Failed
1917,536,2024-10-10,UPI,99,Success
1918,536,2024-11-09,Debit Card,129,Success
1919,536,2024-12-09,Credit Card,99,Failed
1920,536,2025-01-08,Net Banking,119,Success
1921,536,2025-02-07,Credit Card,129,Success
1922,536,2025-03-09,Debit Card,99,Failed
1923,536,2025-04-08,Credit Card,129,Success
1924,536,2025-05-08,Debit Card,99,Failed
1925,536,2025-06-07,Debit Card,99,Success
1926,536,2025-07-07,Net Banking,129,Failed
1927,536,2025-08-06,Credit Card,129,Success
1928,537,2025-05-18,UPI,999,Success
1929,538,2026-02-17,Credit Card,119,Failed
1930,538,2026-03-19,UPI,99,Success
1931,538,2026-04-18,Debit Card,99,Failed
1932,538,2026-05-18,Credit Card,119,Success
1933,538,2026-06-17,Credit Card,119,Success
1934,538,2026-07-17,Net Banking,99,Success
1935,538,2026-08-16,Debit Card,99,Success
1936,539,2024-10-23,UPI,1299,Failed
1937,539,2025-10-23,Debit Card,1299,Success
1938,540,2025-11-05,Debit Card,299,Success
1939,540,2026-02-03,Credit Card,299,Success
1940,541,2026-07-10,Credit Card,129,Success
1941,541,2026-08-09,Net Banking,129,Success
1942,542,2024-01-14,Net Banking,99,Success
1943,542,2024-02-13,Net Banking,99,Success
1944,542,2024-03-14,UPI,99,Success
1945,542,2024-04-13,Credit Card,99,Success
1946,542,2024-05-13,Credit Card,99,Success
1947,542,2024-06-12,UPI,129,Failed
1948,542,2024-07-12,Net Banking,129,Success
1949,542,2024-08-11,Credit Card,99,Success
1950,542,2024-09-10,Credit Card,119,Success
1951,542,2024-10-10,Debit Card,119,Failed
1952,542,2024-11-09,Credit Card,129,Success
1953,542,2024-12-09,UPI,119,Success
1954,542,2025-01-08,Net Banking,119,Success
1955,543,2026-07-15,Net Banking,119,Failed
1956,543,2026-08-14,Net Banking,129,Success
1957,544,2024-02-29,UPI,329,Failed
1958,544,2024-05-29,UPI,329,Success
1959,544,2024-08-27,Credit Card,349,Success
1960,545,2024-06-19,Net Banking,119,Failed
1961,545,2024-07-19,Net Banking,119,Success
1962,545,2024-08-18,Net Banking,119,Success
1963,545,2024-09-17,Credit Card,119,Failed
1964,545,2024-10-17,Credit Card,99,Success
1965,545,2024-11-16,UPI,99,Success
1966,545,2024-12-16,Net Banking,119,Failed
1967,546,2026-06-05,Debit Card,119,Failed
1968,546,2026-07-05,Debit Card,119,Success
1969,546,2026-08-04,UPI,119,Success
1970,546,2026-09-03,Credit Card,119,Success
1971,546,2026-10-03,Debit Card,119,Success
1972,546,2026-11-02,Net Banking,129,Success
1973,546,2026-12-02,UPI,129,Failed
1974,546,2027-01-01,Credit Card,119,Success
1975,546,2027-01-31,UPI,119,Success
1976,546,2027-03-02,UPI,129,Success
1977,546,2027-04-01,Net Banking,119,Success
1978,546,2027-05-01,Credit Card,119,Success
1979,546,2027-05-31,UPI,99,Success
1980,547,2025-06-15,Net Banking,129,Failed
1981,547,2025-07-15,UPI,129,Success
1982,547,2025-08-14,Credit Card,119,Failed
1983,547,2025-09-13,Debit Card,119,Failed
1984,548,2025-04-29,Debit Card,1299,Failed
1985,549,2024-12-08,UPI,349,Success
1986,549,2025-03-08,Debit Card,349,Success
1987,550,2026-02-09,Credit Card,1199,Failed
1988,551,2025-08-26,Debit Card,1299,Success
1989,552,2024-01-27,Net Banking,299,Success
1990,552,2024-04-26,UPI,299,Failed
1991,553,2026-05-02,Net Banking,129,Success
1992,553,2026-06-01,Net Banking,129,Success
1993,553,2026-07-01,Debit Card,99,Success
1994,553,2026-07-31,Credit Card,129,Success
1995,553,2026-08-30,Credit Card,119,Success
1996,553,2026-09-29,Credit Card,119,Success
1997,553,2026-10-29,UPI,99,Success
1998,553,2026-11-28,Debit Card,99,Failed
1999,553,2026-12-28,UPI,119,Success
2000,553,2027-01-27,Debit Card,99,Success
2001,553,2027-02-26,UPI,119,Success
2002,553,2027-03-28,Debit Card,99,Success
2003,553,2027-04-27,Credit Card,129,Failed
2004,554,2025-06-09,UPI,119,Success
2005,554,2025-07-09,Debit Card,99,Success
2006,555,2025-08-13,UPI,129,Success
2007,555,2025-09-12,UPI,99,Failed
2008,555,2025-10-12,Debit Card,129,Failed
2009,555,2025-11-11,Debit Card,119,Failed
2010,556,2026-07-22,Debit Card,329,Success
2011,556,2026-10-20,Credit Card,329,Success
2012,556,2027-01-18,Net Banking,349,Failed
2013,556,2027-04-18,UPI,349,Success
2014,556,2027-07-17,UPI,329,Success
2015,557,2023-10-21,Net Banking,329,Success
2016,557,2024-01-19,UPI,299,Success
2017,557,2024-04-18,Credit Card,349,Success
2018,557,2024-07-17,Net Banking,329,Failed
2019,557,2024-10-15,Credit Card,349,Success
2020,558,2025-06-12,Debit Card,129,Success
2021,558,2025-07-12,Debit Card,129,Success
2022,558,2025-08-11,Debit Card,129,Failed
2023,558,2025-09-10,Net Banking,99,Failed
2024,559,2026-08-06,UPI,1299,Success
2025,560,2026-01-14,Net Banking,119,Success
2026,560,2026-02-13,Net Banking,129,Success
2027,561,2024-08-25,Credit Card,1299,Success
2028,562,2024-08-16,UPI,1299,Success
2029,563,2025-02-03,UPI,119,Success
2030,563,2025-03-05,Net Banking,129,Success
2031,563,2025-04-04,UPI,119,Failed
2032,563,2025-05-04,Credit Card,129,Success
2033,563,2025-06-03,Credit Card,99,Success
2034,563,2025-07-03,Net Banking,99,Success
2035,563,2025-08-02,Debit Card,99,Failed
2036,564,2024-08-19,Credit Card,1199,Success
2037,565,2026-04-01,Net Banking,349,Success
2038,565,2026-06-30,Credit Card,349,Failed
2039,565,2026-09-28,Debit Card,299,Success
2040,565,2026-12-27,UPI,349,Success
2041,565,2027-03-27,Net Banking,329,Failed
2042,566,2024-03-02,Credit Card,99,Success
2043,566,2024-04-01,Debit Card,99,Success
2044,567,2023-11-02,UPI,299,Success
2045,567,2024-01-31,Credit Card,349,Success
2046,567,2024-04-30,Debit Card,349,Success
2047,567,2024-07-29,Net Banking,329,Success
2048,567,2024-10-27,UPI,329,Success
2049,568,2024-02-21,Net Banking,119,Success
2050,568,2024-03-22,Credit Card,119,Success
2051,569,2025-05-09,Net Banking,999,Success
2052,569,2026-05-09,Net Banking,1299,Success
2053,570,2024-02-25,Debit Card,999,Success
2054,571,2024-06-01,Net Banking,329,Success
2055,572,2025-03-08,Debit Card,129,Success
2056,572,2025-04-07,UPI,129,Success
2057,572,2025-05-07,UPI,119,Success
2058,572,2025-06-06,Net Banking,129,Success
2059,572,2025-07-06,Debit Card,119,Failed
2060,572,2025-08-05,Debit Card,99,Success
2061,572,2025-09-04,Credit Card,129,Success
2062,573,2026-02-15,UPI,1299,Success
2063,573,2027-02-15,Net Banking,1199,Success
2064,574,2023-10-24,Credit Card,349,Success
2065,574,2024-01-22,Net Banking,349,Success
2066,574,2024-04-21,Net Banking,329,Success
2067,574,2024-07-20,Net Banking,329,Success
2068,574,2024-10-18,Debit Card,349,Success
2069,575,2024-03-06,Credit Card,349,Failed
2070,575,2024-06-04,Credit Card,299,Success
2071,576,2025-05-27,UPI,129,Success
2072,576,2025-06-26,Credit Card,119,Success
2073,577,2024-09-29,Net Banking,119,Success
2074,577,2024-10-29,Credit Card,99,Success
2075,578,2026-02-09,Credit Card,129,Success
2076,578,2026-03-11,UPI,119,Success
2077,578,2026-04-10,Net Banking,119,Success
2078,578,2026-05-10,UPI,99,Success
2079,578,2026-06-09,Credit Card,119,Success
2080,578,2026-07-09,Debit Card,99,Failed
2081,578,2026-08-08,Net Banking,99,Success
2082,579,2026-04-03,UPI,99,Success
2083,579,2026-05-03,Net Banking,119,Success
2084,580,2024-11-07,Credit Card,1299,Failed
2085,580,2025-11-07,UPI,1299,Failed
2086,581,2026-03-08,Net Banking,1299,Success
2087,582,2023-11-03,Net Banking,349,Success
2088,582,2024-02-01,UPI,299,Success
2089,582,2024-05-01,UPI,299,Failed
2090,582,2024-07-30,Credit Card,349,Success
2091,582,2024-10-28,Net Banking,349,Success
2092,583,2024-01-16,UPI,129,Success
2093,583,2024-02-15,Net Banking,119,Failed
2094,583,2024-03-16,Credit Card,119,Success
2095,583,2024-04-15,UPI,119,Success
2096,583,2024-05-15,UPI,119,Failed
2097,583,2024-06-14,Net Banking,129,Success
2098,583,2024-07-14,UPI,129,Success
2099,583,2024-08-13,UPI,129,Success
2100,583,2024-09-12,Credit Card,129,Success
2101,583,2024-10-12,Net Banking,129,Success
2102,583,2024-11-11,UPI,99,Success
2103,583,2024-12-11,Credit Card,129,Success
2104,583,2025-01-10,Debit Card,99,Success
2105,584,2024-07-10,UPI,299,Success
2106,584,2024-10-08,Credit Card,329,Failed
2107,585,2024-08-28,UPI,349,Success
2108,586,2024-09-05,UPI,1199,Success
2109,587,2024-11-07,Net Banking,129,Success
2110,587,2024-12-07,Net Banking,129,Success
2111,587,2025-01-06,Debit Card,129,Success
2112,587,2025-02-05,UPI,129,Success
2113,588,2024-11-07,UPI,299,Success
2114,588,2025-02-05,Debit Card,299,Success
2115,588,2025-05-06,Credit Card,299,Success
2116,589,2024-08-11,Credit Card,329,Failed
2117,590,2025-09-20,Debit Card,999,Success
2118,590,2026-09-20,Credit Card,1199,Failed
2119,591,2026-07-12,UPI,119,Success
2120,591,2026-08-11,Net Banking,129,Success
2121,591,2026-09-10,Credit Card,129,Success
2122,591,2026-10-10,Debit Card,129,Success
2123,592,2025-06-24,Debit Card,129,Success
2124,592,2025-07-24,Credit Card,119,Success
2125,592,2025-08-23,Net Banking,119,Success
2126,592,2025-09-22,Credit Card,129,Success
2127,593,2025-09-29,UPI,119,Success
2128,593,2025-10-29,Net Banking,129,Success
2129,593,2025-11-28,UPI,119,Success
2130,593,2025-12-28,Debit Card,119,Success
2131,593,2026-01-27,Debit Card,99,Success
2132,593,2026-02-26,Net Banking,99,Success
2133,593,2026-03-28,UPI,119,Success
2134,593,2026-04-27,Debit Card,99,Failed
2135,593,2026-05-27,Debit Card,99,Success
2136,593,2026-06-26,Debit Card,129,Success
2137,593,2026-07-26,Credit Card,99,Success
2138,593,2026-08-25,Credit Card,119,Success
2139,593,2026-09-24,Net Banking,129,Failed
2140,594,2026-06-28,Credit Card,1299,Success
2141,594,2027-06-28,Credit Card,999,Success
2142,595,2024-07-26,Net Banking,299,Success
2143,596,2026-08-12,Debit Card,99,Success
2144,596,2026-09-11,Net Banking,129,Failed
2145,596,2026-10-11,Net Banking,99,Success
2146,596,2026-11-10,Debit Card,119,Success
2147,597,2024-11-10,Credit Card,1199,Success
2148,598,2025-12-18,UPI,1299,Success
2149,599,2024-02-14,Debit Card,119,Success
2150,599,2024-03-15,UPI,129,Success
2151,600,2024-11-22,Credit Card,349,Success
2152,600,2025-02-20,UPI,299,Success
2153,600,2025-05-21,Debit Card,349,Failed
2154,600,2025-08-19,Net Banking,299,Success
2155,600,2025-11-17,Net Banking,329,Success
