Playlist_id,Song_id
89,1618
362,15548
450,7030
181,10252
269,16488
207,1795
26,12071
22,3964
496,11468
180,15140
389,1664
24,977
72,3906
237,10426
176,5986
342,15552
494,7278
60,5774
216,1857
257,3844
281,2740
104,569
146,1734
261,3670
277,12016
494,4137
444,1576
409,1326
13,572
369,8572
447,7216
332,4260
460,15557
376,102
229,6993
380,6637
86,8405
491,11837
17,16384
214,2174
146,7345
382,2926
328,3858
336,1992
387,2223
206,4097
168,1132
29,14529
67,10620
30,15656
448,4569
403,5321
371,4322
410,11861
175,6073
445,12084
31,201
293,14430
109,5490
196,12319
454,1997
221,11329
255,12899
436,4572
72,13155
450,16521
209,11211
185,6387
77,209
52,15428
351,13775
339,1606
93,3307
393,14122
418,12903
130,8006
4,16003
63,368
68,8848
410,12224
21,6558
74,5401
187,1077
28,6682
260,7971
243,2140
229,4457
440,6626
491,7086
422,836
208,4519
130,13496
488,4573
468,15477
93,14516
358,9603
112,13977
491,3945
61,2671
338,4642
49,338
198,6059
487,1732
333,9896
421,5579
129,11298
274,4068
368,15781
406,5419
228,14165
277,5655
269,13644
214,6538
225,8390
435,7705
222,4793
232,11668
154,12243
450,2442
429,1107
40,9633
413,14345
356,15531
423,6890
94,16285
271,2103
262,7467
306,12906
347,12944
339,22
402,8938
302,7014
285,5384
13,532
353,7999
115,250
386,713
382,13840
127,13550
94,6957
262,12728
138,8232
241,9636
471,10098
442,995
67,10917
184,10041
311,15478
194,4047
27,12686
166,7368
206,2071
157,5333
360,15720
87,780
241,11046
134,8476
34,6323
273,12984
257,10007
98,15841
257,1376
1,4833
293,511
146,14084
385,9899
250,16356
171,4463
351,5562
249,15902
153,1147
51,4775
2,8562
416,14029
57,4068
231,6584
153,11067
43,6240
8,5465
456,636
257,11538
366,15911
215,5650
41,5763
22,7470
131,5427
373,7175
52,8517
103,10963
436,10843
63,1738
189,14120
442,3720
323,5718
56,3913
223,3043
368,7339
464,12002
410,10682
129,10211
433,7175
158,10848
335,13662
283,8813
131,11159
492,13353
440,4037
205,15282
458,8521
394,4564
77,8829
434,2687
31,14082
37,13833
331,5154
496,2518
122,10413
297,15635
300,15640
199,6203
167,15525
32,842
321,12959
92,829
364,7438
461,15184
351,4207
124,2996
41,13844
478,12384
238,11914
291,9525
32,8776
58,1366
470,12156
363,16231
35,2136
52,5752
208,6265
114,14214
306,10183
216,13444
350,7782
124,9425
146,9938
323,14738
106,12754
252,9839
110,12873
269,3363
86,16488
88,319
208,11755
428,5342
195,1613
27,9842
135,4716
200,910
394,1678
414,3579
161,3133
457,1963
348,9375
178,2319
491,6980
198,6169
373,12586
475,3710
256,12711
106,5533
107,8387
343,2773
279,3017
468,5922
396,11644
294,9152
282,13235
17,15152
456,704
185,12484
171,10371
28,5892
218,768
38,7748
2,7825
426,9321
285,5144
219,589
201,1740
182,414
85,15528
105,10030
224,3565
232,945
158,2164
378,4382
449,14879
60,4221
361,7367
151,2124
352,1885
288,180
339,13206
75,11147
247,5252
369,8884
484,6885
284,12718
308,10860
267,6658
251,8111
391,7596
95,8537
427,7024
406,7904
361,6441
206,5335
376,6012
288,12315
159,7475
491,5733
455,3861
473,11048
105,13547
255,2460
362,7955
158,5681
454,4511
486,262
54,2591
160,5461
320,14495
323,11760
380,13499
314,9432
417,3932
76,16205
234,8951
20,12109
488,12214
416,8662
113,4460
302,8560
386,14152
495,16539
327,8095
232,7040
252,14337
315,12178
160,11072
307,15966
195,15910
129,8911
89,12710
147,16098
488,1610
107,871
398,13357
145,10962
124,14286
196,11947
499,5532
442,2783
175,14224
348,16101
267,4135
239,12667
191,7523
402,14351
261,6010
118,1760
162,13881
498,998
379,1572
17,4374
45,5604
125,5075
293,11038
170,3276
305,5127
286,6834
167,4668
401,405
480,3438
43,4632
20,2699
151,5333
22,493
43,15599
423,4974
428,7304
334,6888
368,8872
3,10171
26,1029
481,14899
233,11801
164,11701
408,13495
340,788
408,3817
359,10048
235,13688
400,9591
3,13567
78,15138
237,4874
145,5285
349,8956
454,4579
173,12931
412,12166
59,14788
298,13047
125,12109
440,4765
133,11933
290,3020
73,5237
28,3774
141,9313
442,15428
141,12467
131,11779
82,13809
462,13047
472,13506
276,15028
406,7638
51,11382
13,8912
397,2193
430,14384
440,12591
212,6991
465,11372
363,2959
255,7334
349,10150
89,5086
480,8620
106,14529
439,15907
36,8054
338,12593
429,14172
181,9640
141,1876
397,2327
455,10145
78,14588
137,4322
255,10730
62,13718
252,781
354,10857
78,15877
111,2993
419,894
437,5378
301,6537
414,4199
60,8545
337,4918
488,7531
453,1831
217,4035
191,12384
344,8425
263,2057
185,15198
350,13316
88,6671
38,12677
444,15085
28,3358
308,12043
482,6975
234,9879
223,15840
108,9474
400,8828
431,14328
450,6205
252,5695
388,897
221,13966
189,687
343,11219
243,16199
317,5568
71,2129
64,3136
246,11515
31,9146
363,3469
172,2440
466,10242
293,5066
39,460
114,6003
295,8495
49,626
427,3201
457,9725
307,10720
68,3793
12,12758
353,8621
220,15676
386,1335
329,2787
342,9142
421,14390
443,11934
268,2511
417,12699
35,12368
96,11072
261,9153
228,15163
445,7284
350,2028
241,9440
255,973
390,10731
176,865
331,2688
26,8239
332,5542
90,4962
293,7765
482,7701
201,12643
199,15751
8,14234
343,2146
281,10801
136,15816
497,2963
153,4092
450,14407
65,1239
280,3379
409,1574
425,10334
273,2063
4,12492
396,16399
355,12197
174,8069
303,3231
159,5438
362,5797
181,11118
119,1609
476,6313
190,1260
102,1376
17,11397
177,13335
280,3634
171,15476
58,2538
176,11161
43,13749
55,12820
394,3884
500,11221
57,15081
484,3814
143,9900
62,4579
442,15188
196,9763
93,9261
99,12984
32,6807
202,9433
412,11000
431,2611
126,8391
494,681
337,209
379,10005
470,738
301,8136
170,6340
152,15102
327,11427
128,11483
228,2265
73,3145
154,1269
493,735
2,14232
449,15446
356,14464
378,10547
268,9921
6,9921
369,10727
482,9850
141,926
335,5895
18,8928
98,11846
385,13825
170,7521
371,3081
158,5188
42,16088
235,13248
14,9344
446,2622
215,15521
203,5833
454,13817
133,14405
128,7645
378,16158
354,4201
280,2037
450,233
434,1686
366,8870
278,8757
490,2749
119,14362
295,6482
432,6191
272,2563
393,6236
133,9049
269,8644
65,12032
400,6360
95,14126
489,6883
125,16220
307,2641
365,6258
475,2225
454,5549
270,4974
311,8947
187,1004
242,4912
68,14144
238,3221
342,3278
258,426
371,2518
279,15761
117,14945
363,7767
280,14414
210,14843
90,8776
324,10700
400,896
365,14902
410,3533
481,7385
198,5047
53,9833
228,12803
157,16306
260,4878
174,2660
196,9589
219,5520
38,11632
182,4177
132,384
47,9321
84,5453
342,9131
149,5289
472,12624
320,10540
373,11598
268,7640
233,9080
240,7807
9,14327
166,3428
448,2323
40,3023
346,4527
367,12988
66,9613
140,6529
231,10094
31,3324
211,12825
97,13248
343,6336
19,9622
50,4542
406,7587
337,11136
36,15345
44,4848
31,16169
223,1292
224,13302
97,4859
299,16105
405,12825
134,13759
175,15746
46,11845
102,8707
332,2753
419,15998
412,10855
486,10804
474,9518
159,6245
191,4736
472,3443
396,15233
78,6027
430,10387
294,6554
79,12264
173,5217
178,10701
390,492
190,11987
413,15937
476,16222
165,3528
398,14087
28,4462
66,10581
465,7846
124,7553
186,1786
18,8554
66,5104
293,11647
314,3893
490,16133
230,12796
108,10820
15,13810
111,14272
261,2431
357,15496
307,11703
236,4589
401,1953
366,9543
471,5395
232,4884
286,9550
308,13510
1,13996
268,5709
44,12124
66,7453
2,12127
325,2200
94,12884
42,6049
46,12584
93,4028
164,10095
35,6009
356,10265
258,7515
58,4192
186,8807
401,4531
337,574
49,6065
324,1574
383,13229
300,13231
290,15172
244,9
90,3743
17,11078
390,12077
300,291
483,641
313,16445
46,9685
251,14520
421,6300
108,1639
54,13188
54,8987
472,4316
277,14657
107,11213
164,11518
54,15524
462,1763
324,6488
302,13788
137,1414
276,3973
47,8839
391,6434
103,4166
63,12203
476,1001
372,15173
312,14893
78,2123
313,11331
179,6901
290,15777
242,6432
469,8316
140,5108
120,1194
420,13914
313,12741
336,1613
391,3535
411,2201
323,8504
107,13804
468,15769
126,7401
52,5237
160,8971
58,6220
192,4759
6,3320
72,13702
411,8967
242,9949
372,13213
40,1857
461,14453
450,9834
343,15895
460,12279
197,7173
458,15616
451,8258
100,8445
26,14646
399,15157
175,16432
253,3025
325,4362
10,1052
310,11372
75,12000
338,8209
1,2171
422,14215
491,13820
173,6829
378,1047
138,8161
38,4547
24,4612
30,14714
231,11735
357,8464
251,15393
244,14414
311,13192
60,5208
428,3914
341,13071
459,15507
477,3281
437,6363
143,10346
194,2700
16,4091
330,13821
255,14172
224,14593
326,7407
9,11901
35,8655
358,2929
255,14293
285,11166
319,10521
4,11449
204,15415
142,3691
484,9053
448,4929
120,13960
151,4642
391,5563
368,3630
337,2065
99,9592
460,11032
417,12382
240,8548
94,2832
329,14484
233,7606
98,7152
350,5912
167,8191
454,9941
9,9002
301,12328
170,2948
388,12970
80,6172
320,11523
413,3349
151,12239
369,11415
476,15190
428,7794
176,10468
414,4634
307,4242
188,14090
35,11367
400,5638
21,7268
281,6175
150,2723
473,8331
280,8202
142,6511
135,5303
227,6060
118,15687
233,15674
156,9563
440,9093
232,7343
447,3067
227,2798
317,2957
45,4484
171,14917
230,2436
323,2398
47,5203
210,15289
48,1641
56,14822
388,13346
44,704
357,12720
410,11792
361,1993
47,10922
74,1118
91,304
102,15180
336,13132
17,14355
388,12541
125,5257
223,1591
1,2710
195,482
23,1947
65,13204
351,2981
115,4919
141,10984
13,7537
194,6151
440,3403
100,12380
236,15947
119,8192
217,11504
128,9180
68,498
114,7030
31,13448
427,845
40,2422
413,947
46,12036
270,5099
292,428
487,7019
160,10825
121,15943
457,7261
439,14303
50,10815
344,6566
219,12987
303,3532
204,6973
234,15483
69,6748
129,2598
366,14848
131,10780
322,3932
194,13280
37,15548
185,9030
491,3889
471,15022
490,13049
27,10844
142,13800
422,16069
362,2957
205,3239
403,2729
438,966
94,3142
212,2380
483,12228
471,12928
135,4082
458,5001
41,14512
84,12933
74,810
484,14974
484,6343
108,16380
130,11938
218,8523
51,9578
498,12778
71,11250
83,6120
389,7624
317,1857
143,3919
160,12490
13,14692
327,3447
187,5130
318,15678
12,7758
456,70
213,5304
115,4732
225,4375
388,5830
66,9980
81,12961
317,7347
403,2166
456,7654
342,2156
22,6904
50,1755
487,2281
12,13019
21,7
449,9573
223,13431
380,5952
445,6835
300,5959
285,16416
445,8003
75,11210
448,9469
310,7549
69,24
421,12786
71,8472
257,3643
148,6854
172,14381
403,3468
466,16585
112,781
422,5144
367,778
170,8077
309,2234
2,14091
412,2591
451,12153
241,2709
297,11915
218,4940
308,13501
374,10593
274,9423
432,9780
220,1495
254,6741
50,8897
469,7568
349,16548
498,13867
300,7732
133,8558
225,7329
151,698
429,2140
280,8433
500,8436
288,10768
467,13399
281,12943
344,12245
9,13689
28,11487
52,5428
382,7289
134,1791
361,4197
82,11723
278,10615
20,13703
125,13756
417,12881
308,13877
14,7243
3,13241
102,711
277,1466
106,12430
72,2229
200,11311
348,3332
476,4012
426,1976
255,2094
284,10379
27,4041
170,14414
77,15418
175,6127
106,3812
101,6851
61,5732
210,7252
274,2349
400,12782
483,1934
6,10411
351,14058
339,5861
324,6492
447,183
173,9477
307,1829
68,1318
69,12803
17,8183
15,9534
68,11346
419,14084
320,15768
424,1367
286,3877
230,10398
388,9523
54,1770
319,1021
236,11869
231,4355
422,3923
277,5225
111,14318
58,5861
209,2058
437,12273
72,4712
462,16009
459,1711
166,4347
387,5218
335,13164
443,12963
200,6331
260,9314
45,795
276,14957
101,8274
446,2307
81,5821
437,2716
473,7099
448,10718
95,9368
71,7964
197,13701
100,9604
298,12063
53,13464
401,7502
177,4310
404,7507
246,7564
175,12235
340,16503
262,14863
332,11135
411,6998
166,522
482,13065
36,6828
330,630
439,7218
210,5668
317,9672
118,3864
182,15634
421,9500
305,11540
405,13878
161,12434
431,7599
37,7416
118,4106
322,14230
142,299
351,14931
494,9052
341,1640
16,9693
331,2120
124,4042
104,8759
104,9927
183,8005
406,15890
442,5492
327,8134
342,15353
95,14429
383,12617
217,13079
258,12851
28,13328
481,1030
84,13903
356,5465
38,4338
95,4643
492,8709
48,330
416,3237
433,4638
396,9415
200,3124
399,15082
25,319
55,1393
320,2078
368,5044
454,14846
302,9793
431,16030
385,3082
56,6061
112,11066
425,451
416,12002
448,1337
447,6333
204,4360
226,14507
152,12306
324,8104
47,3100
441,287
2,3623
406,5662
321,9496
380,14277
413,8038
129,6293
237,14228
276,11187
207,15517
388,5995
20,644
233,6121
336,1109
466,11018
54,1167
105,6057
365,6950
146,8569
469,9222
73,15409
108,11431
178,9460
167,13472
368,13233
165,15119
148,2118
296,10849
475,4435
438,15399
73,8067
474,1995
41,10744
404,7120
340,3163
68,6676
380,9163
365,11743
57,9412
100,10048
48,11807
375,3571
17,3863
395,11622
110,16068
181,1719
282,12913
137,12266
257,16532
218,2540
161,11576
479,8889
336,11055
470,7083
243,6626
351,7657
370,1483
459,11391
388,4277
206,7912
56,15552
264,2669
393,13144
82,679
353,15960
427,5292
149,9485
105,15306
316,213
102,14513
262,10301
343,841
236,2664
91,9665
204,2897
475,6100
6,12186
104,11297
19,8449
357,12645
479,5172
207,16269
25,2494
413,10187
480,14149
97,6130
52,13069
397,4823
199,10500
394,7706
107,7878
273,15000
44,3099
322,13172
391,10562
433,11956
375,8753
1,12447
345,12782
61,11037
62,9690
40,3515
65,4740
39,11921
381,4976
219,8361
243,13673
442,6420
340,15942
474,16171
388,8520
299,2584
427,5213
84,12495
490,7255
498,11280
405,6659
444,11983
156,6857
351,10974
139,11054
467,12088
290,6268
490,960
491,6029
50,12968
199,10058
238,9003
473,5867
364,3601
368,14832
475,9067
370,2598
168,13754
481,1382
198,16077
456,13403
425,3702
498,1736
74,10305
57,6460
72,7226
31,809
113,1373
99,5639
460,12448
429,8668
326,1373
286,8619
274,917
201,12453
211,1800
13,10308
371,10541
221,9025
90,15860
116,14866
380,16373
418,3833
376,8791
97,2923
249,8161
165,3094
177,2165
266,3146
73,7706
197,3046
87,13239
404,343
483,2851
89,1234
376,5879
14,6429
81,11623
414,15970
438,7696
176,12126
58,15288
368,14403
253,5785
261,5380
178,9583
456,15418
311,5911
144,3519
403,14252
329,12088
22,8373
11,2064
331,5452
477,8953
452,13326
109,12435
450,8298
393,5549
340,11809
193,9544
207,7264
79,14663
487,6086
91,5332
268,12872
380,776
333,3404
145,10937
181,8150
414,481
286,14030
374,5283
196,10875
189,13868
414,10280
428,14150
247,9120
165,679
300,10703
484,6323
375,903
423,12988
158,2891
103,9785
108,8668
127,6695
154,13214
467,7029
205,11984
179,14735
457,9724
178,13463
42,9603
54,4244
415,11834
18,120
351,3942
46,15909
402,2446
434,11066
327,2043
94,14344
300,10019
124,9268
477,1
152,3853
90,4961
35,5025
288,6639
268,8350
65,1117
9,12822
460,2141
482,1405
24,527
461,3268
209,1512
396,7754
428,4030
8,10503
499,3681
412,8637
155,8981
299,9928
279,1584
476,12944
222,1013
424,5843
76,14959
102,10932
170,13547
365,10524
155,2578
77,7088
225,5791
142,6251
329,10278
267,769
122,16135
335,6565
144,5802
319,2127
169,7966
337,11980
232,10237
403,11516
284,12090
246,7139
292,9470
192,10057
259,4863
56,8964
251,12852
446,259
10,9491
421,8833
171,1488
403,9193
76,396
203,6624
189,8675
216,8549
66,9773
387,16015
52,2964
153,8200
103,5639
296,13618
449,3768
265,3193
164,7985
377,630
183,3016
2,9091
241,7158
220,4066
417,14150
156,7464
417,13921
418,14560
15,6936
223,9854
92,9142
384,15033
228,1459
411,12426
265,4724
306,4496
3,7878
139,5258
61,7819
293,15524
141,8751
261,15757
190,6657
182,10216
452,5610
173,3980
465,9750
167,8107
64,4976
342,4432
483,1927
133,3800
179,10039
275,13948
428,7481
225,4678
371,2746
133,7304
372,5600
24,12501
480,7119
13,9868
350,593
437,11098
21,8941
76,10826
282,4515
445,10400
235,12805
185,10998
145,9879
157,10936
435,13095
39,7911
65,730
283,6322
402,4287
393,12317
73,12635
25,7491
180,3578
374,14963
19,10534
40,4995
298,7734
332,2134
471,7662
376,6378
3,10711
221,16303
303,14386
77,14043
268,6700
439,14432
138,6856
305,1371
29,9838
111,8150
122,15627
170,10945
230,10996
245,7332
255,6330
205,6509
43,5656
137,13693
253,8620
456,6239
489,7850
23,466
172,6416
359,4064
35,11551
394,8636
422,14562
137,7519
173,4961
401,2381
145,10497
116,7581
191,6708
471,13407
275,10728
239,8819
215,8233
218,3283
172,10751
409,4019
140,10166
191,13595
453,9
38,5954
444,6376
1,8250
47,6905
305,7466
391,4271
299,13542
365,3050
78,9638
288,4789
161,8360
357,3576
87,9579
4,5380
142,7421
384,13370
358,3518
313,6256
456,8025
292,10519
493,10509
229,14371
458,5977
434,1190
106,16371
236,13448
50,1200
108,5571
242,3585
164,16497
207,10946
124,15378
14,13520
145,1437
173,9083
455,14202
479,3942
365,11239
232,16079
461,11472
282,4825
142,12924
442,12627
390,14157
486,5005
229,12519
389,9539
236,400
175,9021
442,734
49,12817
490,5649
86,6468
428,5939
431,5190
313,13048
237,14221
163,5641
47,16046
63,16027
195,15392
146,14978
240,11607
271,111
150,4251
330,920
199,10559
345,6412
402,530
406,9051
338,10839
159,4192
233,9510
375,16504
324,5198
244,11096
451,14284
231,5384
251,10439
407,6485
415,14482
212,7478
49,132
191,9341
129,4447
395,13722
222,15191
446,4504
370,12093
214,734
408,10399
266,4802
462,10635
287,15707
210,13797
294,10233
375,4974
105,15178
333,11100
9,12208
28,5805
180,11043
419,9073
177,14909
444,1438
491,13793
396,14953
472,5149
238,2767
389,5151
381,13103
267,3175
224,8726
237,15081
244,3191
23,7918
406,8622
118,14571
327,13927
19,11596
447,1951
467,2832
347,3181
244,6466
407,10136
370,12469
121,13162
286,8799
91,12236
260,9564
263,679
443,16596
1,413
107,7521
67,12818
287,4190
71,11476
352,5073
201,14740
194,11317
14,16045
291,11371
201,12875
456,12899
198,4498
15,5020
168,12203
78,13478
23,7355
292,2561
77,2407
474,2043
279,10435
441,9221
204,12368
288,11315
16,12842
486,2174
273,10926
88,11146
424,249
30,847
62,1065
20,13900
342,3334
450,9283
44,4394
412,4561
4,1060
164,14258
195,9407
276,8349
66,7307
470,6902
392,9463
328,9936
231,7788
478,10405
366,8134
94,9597
233,5740
479,4978
230,5213
2,10947
76,10896
174,3066
439,368
464,15179
237,907
476,4801
159,4636
196,7901
111,13455
419,9141
61,9433
117,14438
119,6634
114,2089
494,2081
210,336
9,11579
438,1139
55,15630
364,8279
291,11184
1,2454
386,11421
12,12937
201,5225
136,11431
136,3029
495,10546
18,4730
418,10713
243,12432
455,5118
181,5781
102,3273
50,5069
438,15273
189,1700
1,16467
452,1292
214,8065
379,12599
86,15464
209,753
1,3756
360,2642
86,1585
244,7126
186,10339
330,7351
60,1303
64,1718
65,14371
488,10798
40,14543
479,4562
5,441
130,3856
349,22
487,14710
236,12913
138,1236
131,5397
131,1196
311,12683
268,7617
328,1481
212,5736
497,13075
430,11853
102,15663
69,13271
386,4576
69,2425
283,6326
21,15711
73,7270
458,6852
187,3585
176,7368
425,3642
158,14669
110,2318
311,6509
85,15093
13,14436
372,15537
83,2831
219,1443
156,13926
70,14677
80,15099
262,4001
93,14809
428,4936
73,13110
343,11695
369,8678
255,7381
91,14103
219,12531
269,8447
334,10828
264,12718
388,447
333,11478
25,4946
331,10614
415,4606
17,3779
307,11196
393,2080
8,6066
221,11543
61,10093
434,8160
59,2621
342,2155
245,6423
14,8705
136,5204
311,16576
466,12249
323,11446
307,15868
30,6434
3,15642
394,6896
101,14487
123,16232
367,12657
338,1110
277,13895
151,4630
251,5248
45,8297
9,238
349,4507
325,13949
284,7532
359,15519
202,14552
108,10689
15,847
43,15138
62,6786
358,12971
236,5626
187,13089
434,4335
222,11060
420,6386
294,12397
311,966
91,14963
86,2016
481,6746
204,1779
226,15538
490,3304
494,6163
104,6917
348,11707
45,11935
181,6346
130,15951
156,10719
115,101
97,13293
444,10368
134,10408
170,7621
366,16083
265,3428
350,16075
323,2386
406,14169
158,8671
486,5238
231,1750
500,14972
297,7968
278,5474
481,1632
253,14048
468,7557
473,9850
54,5702
389,16309
419,7520
166,5125
446,15796
477,6707
246,15213
377,11495
219,1753
283,9093
9,6346
492,9203
225,2443
385,2395
364,3275
196,4896
116,13238
395,1807
116,6593
296,16323
331,6252
8,14873
404,10379
486,11909
369,4908
294,15351
301,3498
87,7181
73,15648
255,6994
336,13254
122,13968
30,8717
326,1168
310,6556
210,956
330,5488
77,9243
173,9705
213,244
63,1468
403,7952
222,9826
175,16167
342,12143
122,5458
430,2164
365,15244
321,9990
312,8709
226,2290
231,4583
111,5686
443,1995
186,6503
487,8417
105,5383
368,8237
110,3246
468,11558
160,15606
208,12156
425,1308
292,6377
357,9475
76,8738
108,5509
323,2428
363,15827
379,266
175,13268
321,12339
441,10943
391,2949
236,8030
76,1625
215,9139
368,3002
228,447
164,15509
322,12685
314,2207
488,9419
295,16194
102,15799
102,11598
293,10900
191,15319
437,12756
470,101
353,3488
70,13753
273,5185
253,7458
98,1168
109,9894
410,4143
81,3150
323,697
156,4492
124,2739
173,13706
172,12020
163,10022
409,7045
349,9623
435,2981
52,2691
297,12587
236,14822
22,11564
487,1343
49,5547
83,6363
100,3563
22,14718
307,9225
152,3164
448,3980
369,3687
282,2227
490,3159
200,11728
359,12017
228,12729
408,15814
74,3402
322,700
338,2630
25,2170
460,5545
314,8194
314,3993
178,14426
370,12152
270,8767
12,6028
8,2122
494,9414
256,7556
20,6791
21,3983
284,192
306,8316
88,12560
162,6093
425,4746
403,557
194,9014
129,15715
116,729
219,3594
440,15836
91,6563
55,2439
328,3537
138,5857
47,6227
495,5865
391,7205
96,13215
488,14722
328,6102
381,11886
166,2549
4,8903
296,6042
423,16434
347,8488
264,15098
159,13392
186,2612
129,6050
275,1674
436,8910
167,12169
136,8160
73,14227
242,5819
458,8561
191,13172
310,3967
460,12808
130,101
105,3949
100,5591
289,4029
244,10968
13,10547
308,7691
332,8048
155,10078
303,4085
56,9577
458,172
340,10504
266,1170
75,407
236,5428
188,13530
114,13315
386,9573
313,5833
146,5427
61,13425
283,5136
2,7597
398,3396
308,8872
20,14067
187,13012
474,7592
313,14585
251,5305
227,12266
358,6370
308,12376
434,2164
475,6891
232,717
56,15309
404,1763
417,6132
450,16108
58,5970
361,5742
185,14147
40,5098
313,5149
399,6384
405,12322
181,6161
177,794
3,12692
167,15015
275,440
424,1960
381,3310
29,11230
294,12696
70,7326
479,11695
350,12749
447,5219
197,10440
193,8978
48,12532
53,12647
313,5404
148,15099
52,15162
2,6121
225,16258
218,13064
304,12121
409,5987
84,6870
137,13112
316,8159
204,3488
205,4881
160,13769
258,5939
265,465
8,11426
353,16564
79,11077
212,7405
214,4970
463,1510
249,9394
386,3212
126,10226
499,13706
73,537
414,12881
63,9914
142,10207
83,8580
413,10441
248,4446
151,13144
460,3319
452,13257
26,12102
492,763
194,1069
460,3669
243,3405
445,12436
147,14728
468,13359
17,12669
113,15346
140,10753
341,14944
235,12976
361,2535
357,14430
391,13489
102,554
238,13661
488,3744
343,882
239,14788
246,9351
182,11810
109,12729
460,9280
40,8199
76,9842
259,13612
173,9896
118,5759
135,14973
298,12227
211,4122
298,13166
49,7443
383,4350
104,4935
477,11596
243,7982
430,14490
267,2189
405,16123
3,7512
101,4600
202,4423
315,2085
264,4254
152,7985
144,9787
168,9915
46,11881
196,565
237,4767
391,3140
476,11586
142,16436
72,4326
171,6520
341,4487
362,15621
295,12184
52,9982
253,13126
1,15763
238,15218
319,8461
28,7531
243,1003
480,6874
149,15634
283,15634
445,10034
386,14823
80,6903
444,14010
404,13645
237,8055
250,10963
437,7820
370,2289
248,13145
478,11621
239,4923
239,2708
423,9470
187,74
207,13787
294,5798
490,5444
22,5110
489,5256
336,547
277,7551
34,5615
465,8016
94,7322
295,3111
408,4220
113,11213
6,9838
57,11052
229,8126
291,2359
247,1764
137,4107
117,7841
19,12638
251,5562
213,3055
33,16185
463,12800
351,16531
45,8611
412,7092
485,8065
235,6641
196,15546
248,9320
489,4693
209,5807
23,9323
351,3941
320,6577
437,5176
198,5648
221,12462
471,16545
460,9482
171,3192
449,15968
162,1157
167,1501
359,4411
274,3549
330,14741
203,7052
356,5079
116,3377
453,3965
268,10564
168,11151
168,10333
351,12935
73,418
315,8811
260,14244
46,4607
485,749
16,16220
121,13533
150,12019
260,14365
500,11314
291,15112
300,2100
167,5957
388,15984
281,13377
104,3514
34,3684
393,8986
314,3997
325,16170
214,16073
434,5496
271,16055
414,10213
84,10752
91,3292
20,4809
197,8148
167,11918
374,3351
154,315
386,8020
418,12439
494,15955
134,7018
53,7093
83,11402
303,11405
315,12462
103,1437
209,6788
28,14849
240,1671
352,680
436,5289
91,1319
344,1499
297,7840
434,5859
384,4052
205,8776
320,5464
171,11528
384,4173
266,16195
497,1835
178,9437
430,1781
204,14041
402,12299
479,9550
8,15792
134,8320
443,13505
62,16028
224,5998
245,16149
381,15744
331,15923
362,11072
472,9897
121,4715
13,10780
498,12249
385,2280
225,3725
132,7469
132,5254
92,2149
406,9169
296,14114
219,833
342,14230
110,6259
329,13473
491,9105
341,5081
224,13837
279,5371
254,6775
467,12252
229,4732
305,1115
376,13827
8,14074
357,12501
107,7142
52,7206
342,16579
289,2423
302,12979
227,4928
39,2662
257,10469
118,3709
286,5279
367,20
370,5916
292,14893
158,6262
290,5398
497,15527
11,92
282,13387
380,11744
469,2367
95,10528
233,2541
105,1309
103,2660
79,2074
495,12340
255,12853
156,14042
132,2839
443,2472
295,93
330,10179
273,11594
168,14281
292,1256
156,163
272,13557
88,6566
397,13215
290,16499
261,7167
372,10418
209,5701
437,15098
221,13753
183,15447
441,15742
181,16569
150,13055
326,10773
369,13358
396,400
333,14869
199,3498
489,8212
116,1285
317,1046
442,223
446,4314
321,15394
238,349
374,3916
52,3865
452,2523
458,10151
197,4862
311,7364
301,10325
485,8685
362,15933
395,9694
52,14724
11,16349
190,4751
499,15120
161,16293
343,13597
298,14083
48,11168
122,6687
304,4449
312,13200
301,3922
344,4521
141,15947
64,7621
221,9002
82,2013
131,10011
459,16229
60,13514
237,8717
446,10288
144,3012
457,1257
166,556
284,11165
277,1555
397,8827
454,2945
474,8027
157,10306
83,3941
51,14983
8,10183
61,9551
102,2907
22,11249
6,6057
35,11484
140,166
29,13396
90,14803
167,16484
358,2725
301,16420
19,8857
48,13759
293,5713
176,9780
24,12355
291,8269
482,2387
297,2607
259,2086
17,15506
432,3145
225,8036
105,572
251,8210
368,14393
414,6403
217,11716
454,11134
62,996
56,14242
54,4784
170,14758
492,3963
372,7695
315,2694
96,11732
285,5969
173,3284
18,10580
102,7016
359,16508
32,15359
75,8347
308,12261
401,1872
266,5848
447,14527
161,11689
413,3508
58,2822
290,2125
78,256
76,1378
189,11872
292,6372
385,9303
276,7596
56,3651
296,7016
106,11056
473,3939
309,2525
391,13669
142,6320
492,16461
480,12960
370,5918
111,5923
393,654
213,13555
491,14960
498,11701
431,8264
48,8203
55,6930
292,8600
102,14855
50,12450
97,1450
220,10417
429,14203
387,3360
416,11231
123,16082
11,15612
78,5759
380,12217
291,9021
454,6504
476,10464
73,9027
305,14554
147,5714
424,101
112,6925
418,5167
55,4849
207,3900
5,15285
201,6337
350,16259
78,753
497,14966
97,8350
258,15623
125,9617
244,412
467,161
76,9580
349,2276
316,4085
170,2920
135,14711
162,8169
41,12080
287,14472
19,657
96,2338
383,8289
345,9983
477,4918
205,9451
2,2181
86,4804
151,12332
204,15642
271,8233
305,1172
349,9055
483,12024
139,1368
488,4905
262,11274
404,7422
52,8660
173,90
124,5796
298,5683
337,6843
475,657
131,16308
233,3524
293,8722
126,15146
319,6910
341,6440
39,4826
56,2780
301,14891
375,2008
102,14910
285,3017
465,12518
53,7326
48,12580
28,12867
186,8794
153,8553
142,12107
6,3844
290,3374
339,14341
169,3084
5,13943
55,2918
428,6169
204,2489
321,3074
104,8674
351,2135
218,12896
396,15383
21,5414
123,13009
444,12835
19,7704
479,10843
437,8631
490,12658
490,8457
496,9440
11,1814
448,1815
215,10854
47,3807
468,12239
158,13474
4,12778
20,9753
171,12137
231,14366
498,6079
274,12723
33,11614
225,15756
253,771
60,6792
239,2822
266,6897
228,6605
393,8924
387,12785
78,15184
5,1729
23,15598
167,11856
310,14379
290,14141
53,8078
75,4161
169,15837
463,13840
239,2017
139,2604
351,14538
40,11872
166,384
241,5109
79,2307
415,41
419,13746
121,14089
254,618
305,3818
499,11231
235,12353
433,4232
245,8611
100,9950
4,1611
16,6280
93,11896
2,1915
433,15199
456,4485
328,3024
310,14755
135,15397
469,6117
445,3545
396,15438
342,11711
329,13169
200,6114
363,11999
253,10141
61,9153
94,470
466,5940
207,13593
267,10197
149,7172
33,581
389,3663
423,15813
81,3281
173,10683
110,11795
67,350
311,2925
269,7883
122,7604
304,936
433,2514
33,5024
490,10632
286,15003
393,12362
183,1706
76,3529
8,10979
54,15821
48,2420
139,552
254,4740
156,15953
205,3279
356,15489
208,8946
469,13151
1,214
442,12496
428,12332
285,7328
446,7956
445,10700
151,6281
42,13730
485,11267
359,2002
202,16082
489,4512
308,12802
158,9825
392,378
32,8208
498,7678
437,1023
358,14730
249,15726
359,9707
311,1557
370,13922
14,14812
430,14727
52,14515
402,1567
217,1787
362,5817
453,980
310,4314
292,13342
152,12773
496,8153
360,9275
391,2209
311,12537
437,110
67,13345
280,16378
76,4039
175,8219
456,15291
404,9439
7,1172
170,641
397,15852
399,2864
455,10838
331,7540
172,13374
118,5446
465,4507
288,11492
322,6121
407,16516
458,10102
160,13148
85,8544
25,9927
172,14784
141,6086
459,11845
376,16277
354,717
183,13667
116,6029
336,8247
146,12553
337,2470
321,12325
297,1122
277,14204
152,3592
170,4400
419,7090
394,10938
278,12749
62,9189
43,279
440,10532
257,13040
154,1315
484,3176
75,13036
75,8835
35,15852
444,9604
301,7606
34,5047
44,1793
11,5817
482,447
58,4586
405,5569
7,12878
278,11126
185,4253
363,10712
254,16138
170,9085
490,10487
185,13823
383,1501
167,12234
91,9206
225,12175
192,1152
345,2148
67,12003
411,930
495,8508
496,11591
377,16100
266,16498
358,8624
115,7176
323,3153
87,6067
293,14766
121,12710
451,5711
246,7228
65,12549
15,6312
497,9964
160,13082
400,3615
23,14016
381,3107
374,4151
417,14586
236,12030
376,13996
99,10978
409,1112
486,4742
117,4616
58,11620
52,5389
100,6140
377,2476
340,14194
208,13486
430,1521
46,3810
113,9169
287,1886
168,13040
489,13132
304,14254
213,6259
414,3805
486,904
92,1539
38,6672
294,14734
36,5808
7,2892
455,9175
374,1373
285,16082
182,4586
219,452
315,4068
154,13505
399,275
154,2659
441,3655
373,2437
500,34
240,861
110,15569
437,9548
183,16313
467,9427
391,8614
425,13631
220,10947
301,11875
201,6275
256,8160
193,15459
336,5645
62,12761
353,9032
342,5581
138,15910
296,10834
485,15725
146,12058
473,7757
206,9628
397,794
352,7696
175,6114
107,13298
114,5838
418,2314
398,8751
281,15521
403,16450
130,342
308,15624
487,13640
444,7591
139,3508
27,69
289,5438
144,8992
426,5709
47,13260
361,14588
471,8340
168,8531
388,6585
118,1247
425,12021
86,6139
234,9043
193,1835
192,6831
195,12727
489,2099
105,5371
168,11806
455,10853
264,9299
384,10384
38,16163
177,15009
193,4171
291,3511
218,12566
22,2303
168,8544
9,14415
427,14137
217,13132
214,2015
262,8300
471,12086
112,12153
293,8552
215,15543
301,4212
311,13036
461,3935
268,10077
500,7431
362,11927
111,5929
258,6622
169,15144
286,14268
360,14217
122,14803
418,2824
116,4408
183,1200
496,5632
373,15095
254,11697
7,4357
403,2142
253,7796
224,4880
103,1850
417,16306
49,5522
342,3071
496,2720
304,12349
321,15965
391,15206
121,564
76,9452
20,15973
309,9431
334,11410
461,4540
400,12932
77,642
164,11901
250,9726
246,1390
6,15930
419,9683
324,10843
422,6167
344,4261
426,9026
238,11190
372,5528
152,829
331,15289
216,1982
241,12363
73,9288
468,14742
38,10499
48,10921
27,14016
226,8978
369,15702
417,1864
274,12432
2,14188
164,15418
394,5263
254,4731
366,6369
14,14548
365,4683
13,16575
159,9984
453,14366
356,1601
4,5616
224,11217
107,11635
241,8417
84,7716
367,14420
120,1482
131,11174
480,14068
211,15075
221,9118
382,16125
174,7501
287,16009
492,4629
273,11644
65,95
299,33
256,15612
244,14326
318,1709
154,2769
207,12229
10,280
159,8253
355,7899
453,4004
325,15604
43,8041
143,1977
171,1029
482,7041
270,7158
166,12699
339,4898
22,7177
205,6103
368,2603
92,9609
426,4530
12,4890
34,8850
209,745
269,7929
370,5537
247,16205
452,7003
56,8760
143,8648
219,15288
195,10501
33,1808
21,2508
394,3921
222,1185
119,3164
79,13601
222,3292
273,5738
226,5892
224,14184
380,5312
279,2227
499,8646
216,13956
248,6031
457,9817
209,9752
262,13779
197,3999
167,9755
196,13196
180,8004
161,7725
269,9473
123,14788
288,8705
73,10766
358,6963
163,15355
441,16531
485,10158
225,14957
244,4582
322,16287
279,4805
234,9529
93,7338
249,10295
113,7253
359,8477
143,8327
62,791
489,5739
396,1310
380,13151
201,13674
46,9828
276,14491
101,1392
12,8904
341,3481
413,7033
464,8247
105,3884
101,13298
190,14050
245,5584
440,16376
242,15903
335,15865
131,759
247,4354
54,11358
267,5989
365,10496
456,1458
366,13350
161,6236
302,7178
370,12008
229,4421
326,9723
44,9744
95,7760
492,751
348,9337
145,4319
108,2976
302,11621
229,13294
70,12483
464,5469
11,1996
349,1466
459,1863
495,1520
269,16520
398,5788
311,8529
488,12134
97,12212
365,10980
408,9401
50,1291
339,899
359,9216
335,12040
333,7995
197,14550
168,5218
112,3108
278,14889
344,196
273,1713
316,2349
413,5665
143,1603
113,3683
157,6907
456,4988
238,9232
320,5329
28,16003
350,3222
494,12800
33,13085
448,14266
141,12803
78,3823
35,5173
33,2360
213,8599
412,9482
91,16486
296,10704
375,2366
58,8846
443,9182
77,228
61,4650
476,12742
20,9493
302,12589
441,13687
148,16094
464,14610
387,13343
396,12345
294,1222
171,6521
76,999
461,5765
486,8976
121,12298
145,52
31,3858
303,5485
148,15410
358,2159
417,13585
166,7587
444,15408
76,2409
370,2627
320,3035
457,15872
302,1180
167,9623
459,5072
223,12672
302,14951
460,12356
362,13770
415,14828
252,6728
245,3571
277,10922
354,8173
280,6009
189,6379
415,2935
170,3104
393,15456
15,3230
491,7360
131,13204
124,12033
320,9464
67,653
379,5843
413,4673
19,14841
95,2004
280,13835
196,2581
207,14259
6,3652
298,10176
358,14428
322,6369
423,13325
233,12447
495,3816
341,5335
472,16112
393,772
41,14613
426,14949
208,4927
383,12098
218,11765
214,5873
23,5110
399,11059
18,14565
166,6098
245,2190
175,13502
317,11636
14,3196
146,5338
367,1550
134,5220
190,16375
82,6750
16,8382
34,2020
450,8085
7,3314
352,8681
245,5586
313,14617
422,560
86,4775
177,463
156,7988
121,11414
251,3832
496,7275
9,7682
74,1395
237,11481
440,14284
53,4490
113,5295
399,12711
295,1744
358,16093
437,16386
164,6428
43,10568
7,10093
470,4899
466,14579
3,10617
370,13299
416,9739
388,7462
417,8163
307,13889
497,15447
191,15929
246,5019
373,10456
116,2694
425,5893
117,1347
90,15473
258,10627
467,7997
291,9986
232,15004
408,4155
400,16574
484,10795
57,8772
449,12494
409,15347
147,15310
30,3650
105,8934
121,6663
19,11755
432,4983
323,12166
177,4464
311,4693
254,8131
117,11509
374,319
107,2190
99,16595
499,435
82,9946
459,5503
410,10714
64,12292
161,8145
455,1947
465,12757
162,8784
38,7028
299,15434
339,3721
452,10014
177,5645
14,16204
250,1959
441,507
304,14731
388,15664
335,983
1,5015
353,2959
196,5227
473,1563
383,7039
61,11189
42,10947
245,2379
463,14387
365,9614
440,3493
487,5002
130,12349
362,9437
329,13461
441,7515
346,14862
391,1278
190,15517
440,4782
254,5595
493,8092
326,3485
312,7522
494,7233
473,10328
22,11624
335,11037
144,5844
248,5901
60,14481
326,11190
188,8516
403,10390
486,5729
242,15168
272,229
98,2062
331,15361
87,11968
400,3797
128,9525
119,3289
425,363
16,8008
225,14009
340,4806
171,833
76,1498
245,8366
188,9818
69,10355
343,15061
97,15557
226,7077
267,3402
253,1252
311,15257
189,7912
36,500
488,6259
230,3520
109,7660
370,15837
272,4914
124,10183
279,2594
16,5109
126,4486
402,14678
68,15327
328,7330
353,9080
400,4173
105,8197
277,11421
203,7271
461,7566
329,2428
478,8149
262,16374
155,4648
472,5752
202,3905
16,1271
192,15497
283,15800
94,11434
71,16146
83,13002
14,4500
227,1346
73,9510
92,5359
58,7172
423,8576
155,12474
429,9330
485,4243
488,1508
479,16591
382,1526
270,15285
480,12651
403,15814
88,10326
286,1939
163,7467
117,7994
81,3870
266,13486
54,9631
238,5022
275,10273
426,14872
289,1540
35,8305
420,7887
69,4920
147,11929
76,13446
403,9411
365,4689
159,14420
424,7484
392,7946
347,12899
23,10294
133,1535
427,1487
411,11342
244,13151
189,13215
32,14729
435,5808
18,6688
69,7148
421,9522
486,16067
368,4448
281,6630
148,8501
96,8082
383,1430
410,11884
421,13965
342,10703
368,1307
492,13616
330,10585
29,794
37,13975
266,8614
403,13278
446,9713
224,2955
411,8443
330,5108
371,5863
102,6641
389,7903
31,12359
332,2673
250,6512
280,14268
277,6120
190,9090
426,15261
130,12230
492,6395
16,1218
425,5587
322,4708
476,12988
175,982
385,526
293,15755
35,184
14,1293
342,8972
233,14169
144,2571
44,5602
48,9922
168,10741
172,13600
451,3667
500,8218
35,1473
394,10451
361,1643
316,12194
493,11598
438,6414
116,10564
33,5318
200,5495
12,4212
435,4574
485,12245
139,13557
220,3050
341,8709
205,9050
310,6097
431,7555
219,4932
458,1013
32,8489
49,8658
40,4408
179,9936
48,3774
416,2709
212,6097
92,5214
232,15316
136,16022
272,9238
174,1496
126,287
268,9496
294,100
263,8371
204,10945
431,3488
280,94
159,2248
37,1090
489,10296
432,13926
471,2779
353,14572
210,1920
121,14680
240,7461
207,2854
3,15856
409,15083
340,6352
147,5957
126,5080
433,16379
27,6535
354,2500
151,4615
440,2274
229,12119
142,14860
337,4253
168,13829
490,3263
451,15615
195,5072
372,6691
495,8976
223,6302
269,13359
418,14162
444,13131
345,11139
376,2087
387,13765
495,15513
421,6704
266,4844
203,8696
328,13306
454,8049
192,8049
415,15934
210,15236
492,16154
181,7136
193,4221
217,1397
499,6479
65,11391
489,2270
82,12728
400,15518
259,9392
218,723
374,9867
441,2229
15,1303
479,8348
28,14599
475,16042
90,7075
344,10109
301,5080
303,659
158,14830
411,10055
74,10406
466,13899
130,13950
316,12154
214,1260
203,8012
414,14648
311,2361
327,12922
221,15650
452,13856
217,14713
448,7964
410,9658
296,6146
15,12283
131,11411
184,11274
74,6447
156,4530
384,15011
354,3239
271,7671
348,16485
402,506
128,1435
159,14785
390,4589
313,3817
94,7156
286,15499
53,5354
118,14868
345,9663
331,9499
384,8608
72,15395
240,10549
365,7511
189,7056
443,10585
438,6040
474,13870
448,12649
46,14332
475,4646
354,8032
294,5766
42,13395
333,1035
35,3327
244,15744
164,2394
162,3782
28,3553
60,14351
156,14584
125,2439
318,14094
186,5307
128,12657
471,2968
372,4652
326,106
284,2324
130,4072
232,592
226,11135
237,8520
171,12367
434,2389
427,5382
473,8238
357,8292
491,8521
442,12537
414,10260
261,12152
278,3165
185,9124
395,303
238,13602
193,14317
37,3749
346,13364
487,10630
369,9591
357,4104
102,3060
201,15871
272,3508
420,5621
43,6802
238,4274
181,3474
372,598
480,6547
424,8601
432,6210
124,1664
139,740
258,12217
29,3992
294,5458
370,4056
28,15138
155,9995
489,14715
121,12104
165,12110
124,2953
106,12469
471,4754
369,14505
319,6053
186,13522
439,3122
411,9668
82,15387
49,13224
251,11638
174,4773
31,13355
117,6225
411,2205
278,7045
357,12293
174,12586
293,6121
239,4838
22,10502
227,1337
440,11015
149,8099
288,2781
154,16027
316,7458
13,5471
178,3323
124,12886
415,2741
464,13974
221,13987
493,5815
72,4967
299,3734
451,11187
106,16107
355,12647
389,2846
387,8398
27,7826
343,8328
100,13710
103,15405
483,15397
499,3098
60,3694
424,11555
116,593
420,11850
48,12207
445,16044
92,16451
352,11157
331,12266
21,7122
59,1227
260,9353
222,2645
34,9047
64,10057
14,12451
398,548
475,2983
342,2868
213,768
418,8232
492,13136
60,12688
321,6313
288,16231
210,14554
360,2484
189,9018
395,11338
204,7606
482,13212
375,13086
193,4707
399,11228
271,1365
297,10399
259,16294
109,4457
246,13322
167,5630
52,13227
167,13214
83,2189
70,9834
467,12917
396,16420
305,8425
315,4417
215,803
257,16490
151,1276
431,7746
324,11821
126,7110
52,2731
254,5346
295,10302
218,5652
316,3191
114,7931
428,16200
25,13982
197,10036
164,11845
339,14815
308,11072
312,3314
299,14635
168,11671
85,14117
151,1410
449,8917
309,5416
79,6122
203,4431
245,15688
45,12890
364,592
91,12777
405,10429
357,11435
321,4608
241,15690
147,10578
348,10568
372,4775
146,9387
389,15975
114,9354
353,7650
393,3787
494,12729
67,8461
213,6300
48,5738
488,12426
106,10109
349,482
323,3462
21,9513
238,10450
322,16042
255,2
109,887
23,1601
143,6096
121,16173
331,13731
221,539
482,4515
330,13543
485,8987
22,15376
318,1640
184,5612
65,1194
324,15943
473,8603
10,6627
436,15366
112,12273
41,11575
467,837
289,14794
224,1604
148,2023
438,16351
311,3478
53,6337
9,2066
46,4348
225,378
149,1322
155,10936
121,13274
281,8796
253,11178
485,12733
82,11296
176,16593
195,3774
473,5704
302,15914
52,2907
129,8789
79,9197
487,2835
292,8258
402,10604
11,16088
174,14803
465,13289
232,3898
105,1090
178,7984
218,4673
362,10316
171,2612
304,926
83,12069
182,16212
67,4891
497,274
400,2556
205,10719
375,14577
213,1683
9,16442
49,2743
396,7402
426,7281
303,8113
126,4279
71,14408
107,16051
5,7143
453,7010
496,3216
256,13262
108,7887
411,489
497,10328
164,11350
110,10067
493,1174
388,5847
113,11506
228,381
137,10816
43,14564
291,10236
369,212
194,15901
101,15673
218,5641
4,15777
171,11753
224,2719
371,7842
262,11053
161,1616
264,2266
110,6000
306,3660
178,13045
133,7152
74,16371
448,3780
343,12331
477,16495
260,12067
471,1899
422,5161
384,11056
25,1031
40,10199
81,14401
79,13574
157,167
315,9909
3,1915
371,11238
124,16205
123,6706
83,1386
402,16149
456,1402
442,4473
168,5136
418,6745
53,14460
438,12581
117,12940
146,10194
295,13700
125,457
305,3542
267,7222
492,11770
113,8741
118,8819
231,3512
29,4546
215,7705
161,10623
286,16216
353,2162
461,5896
128,7413
106,2406
281,2932
54,15987
500,14990
89,11743
376,2388
222,14258
293,1306
483,7065
17,2576
120,3751
462,10281
323,552
205,304
188,10163
314,11056
462,4804
189,4645
278,9827
35,10594
302,1553
76,917
91,5921
430,7309
260,2202
474,12748
497,16115
426,15188
413,15892
119,13459
414,4453
304,1612
154,2836
133,2898
342,15315
254,15202
353,10485
257,1392
122,3382
342,9020
500,3715
152,1985
483,13870
229,12233
91,15975
436,8281
100,10318
14,4616
229,12125
95,2740
179,4131
478,15044
397,3078
71,16383
230,4133
211,1639
79,9562
38,1159
72,10340
450,11720
23,9926
392,6760
175,6762
185,13371
211,6190
212,11259
241,15868
454,14700
473,2110
361,5087
266,8233
431,8529
413,13356
133,2456
260,3988
25,4616
439,2913
83,1817
143,3817
165,8531
455,15689
110,3411
339,10000
396,4155
282,835
35,14729
327,16298
458,14
361,6268
85,2657
17,16523
326,7415
393,6193
400,719
302,11407
414,4037
496,5796
409,2875
18,9140
183,4518
451,16118
188,4633
90,2075
401,10110
304,8191
412,13911
57,9482
442,7374
417,6792
415,7096
392,5163
206,10894
89,14281
202,9203
328,10776
314,9151
208,14094
158,12287
216,13689
317,16481
350,12228
391,1154
148,3611
155,10188
165,11364
93,14642
413,9665
143,15402
427,12717
246,4011
31,4086
86,9162
460,11295
195,13764
119,14937
47,2754
146,11364
197,4913
103,13128
139,9109
22,11742
385,10333
359,15565
474,9099
364,9227
245,4846
343,6172
356,10046
208,3503
130,4078
54,7466
159,6765
166,1291
425,9099
377,7890
143,3522
385,8239
124,13308
171,588
359,8452
163,4376
94,13028
364,10637
350,6538
118,2768
446,9400
50,4741
178,16001
183,16345
218,4288
257,15247
160,11638
210,9015
240,10584
99,9184
469,5977
377,6388
442,9523
32,10591
350,3289
301,4565
256,4822
348,11995
398,3185
186,3716
96,3005
142,10291
436,12458
397,10288
407,6280
214,1913
289,11886
220,14267
371,8020
41,10774
163,4055
173,8449
209,1956
440,13344
402,10608
11,3260
470,7221
324,7692
193,3974
296,1443
108,10548
177,1980
333,1446
238,1623
479,517
199,10262
469,5427
119,9744
230,6350
390,4316
263,16555
13,6766
152,12257
346,8861
415,64
92,350
498,1001
468,866
497,1567
87,7819
167,6536
194,9113
337,2517
431,7484
9,10501
358,16576
217,358
269,8361
228,13433
411,1540
295,133
237,16407
381,6737
58,8713
426,7419
439,7358
98,6799
391,15948
50,7253
251,9229
279,431
304,10287
462,4982
240,6101
475,3231
329,12976
27,7390
111,2136
311,12289
206,6574
312,9481
69,11938
244,8263
210,573
103,3076
371,9014
126,12364
165,8091
192,12166
402,11710
250,214
232,5004
218,15457
464,4344
177,638
350,2781
453,4599
251,16021
490,16266
59,2201
66,3143
117,5589
184,5350
487,692
402,15106
164,15463
56,10039
143,9927
246,5181
306,9396
221,4370
453,1458
383,8569
176,12706
329,15688
498,3860
92,11251
105,15162
334,12770
145,3449
248,11269
78,241
146,2856
16,11148
360,6720
466,5426
262,15984
159,1748
67,4145
235,12094
117,13536
176,7471
208,12378
83,3981
160,6150
44,8190
135,3353
50,15589
374,3635
485,9101
163,8821
311,6733
290,14258
490,2534
309,5088
145,8134
260,207
73,7965
16,5216
429,430
435,10532
352,14964
282,10704
72,6693
372,12849
451,15128
246,16416
56,7624
336,1262
16,16304
290,5990
167,15719
441,12575
287,16538
288,2884
142,14615
378,11179
39,16328
139,7635
190,14511
333,6454
183,2723
71,2253
253,7104
478,11652
304,9550
32,6876
186,12712
480,852
171,4712
467,16495
71,16495
288,1971
165,15864
235,16108
66,16272
338,10315
352,7998
288,10723
282,5953
65,7187
133,16218
159,406
182,3507
105,4721
332,16283
321,818
431,11566
415,13958
387,1293
199,4211
11,484
243,12390
136,9295
168,12216
18,9010
47,11697
185,12799
154,13257
80,13042
243,8081
347,14066
357,8826
448,8190
460,7298
353,13322
350,8823
203,15714
96,10404
69,1899
176,14305
457,5687
212,2887
100,10230
174,10179
236,5395
126,4769
462,4166
285,16318
167,13559
168,6055
235,7048
341,10413
267,8020
462,7441
446,6450
408,8144
265,6109
24,570
204,1440
162,12289
310,2324
361,4770
41,5354
108,12928
181,2624
492,796
331,16383
97,122
429,4244
11,12069
480,8612
258,11717
292,6346
81,7065
56,11438
420,7699
212,3505
217,8804
208,8984
39,9175
460,7219
422,53
466,8690
475,1865
209,174
327,6545
296,816
65,2115
223,9642
343,8741
150,12776
367,11313
283,1291
14,7024
127,13317
196,2571
185,8074
82,6606
133,13253
161,12268
411,1597
192,5202
494,11919
196,12262
134,5197
145,12674
109,2400
33,11975
102,4346
418,10510
195,3756
235,445
353,9297
229,13957
384,6432
429,15708
61,12050
367,7138
35,6399
454,3579
70,206
150,13970
231,8674
489,2819
64,8268
19,2604
273,5409
188,7028
399,11412
31,399
416,964
145,13976
477,14449
430,10698
340,13922
233,8612
434,8602
462,13804
389,10293
79,11528
368,13388
161,3195
23,9906
256,2974
74,4660
137,2730
417,9429
391,3549
201,12056
187,7691
22,5143
213,14739
492,5523
311,15045
275,6757
118,13418
180,3716
451,8151
420,2385
473,12599
49,14523
236,14349
432,9040
170,934
430,14336
20,8988
228,9920
143,15474
17,12891
221,12132
383,11901
430,15625
105,4494
330,9271
369,15120
357,9633
215,14653
71,8229
470,7709
275,13657
34,1931
83,10454
78,3694
219,2650
270,14481
361,14074
452,11748
22,3533
101,2594
417,10973
469,2532
260,10989
426,3330
70,19
391,6490
352,14900
230,651
125,5324
496,15588
201,5319
175,10285
247,3220
128,5743
147,7971
41,10470
222,14911
194,12634
493,4565
252,3419
379,7432
367,3931
230,13725
488,9819
442,1072
70,9831
457,14441
175,957
334,9352
16,1085
10,13577
196,8371
288,9128
350,5805
128,5877
444,1387
241,1324
37,14097
97,16326
66,12583
31,15743
119,3024
394,7164
194,4366
185,6761
195,2790
186,3199
55,15053
225,9314
273,16444
310,13064
60,7934
321,1330
265,6353
364,5837
145,10903
412,401
38,12763
396,6055
12,7341
254,11304
106,15112
338,14452
12,14696
293,6307
80,4213
136,15405
90,471
138,7049
57,15462
176,9677
449,9277
373,13897
84,1228
9,14640
202,11800
488,5189
85,1537
141,4098
412,13946
473,12909
187,1935
360,8013
223,8718
138,1706
456,6445
65,6560
435,8308
149,9937
37,13668
407,14662
23,9532
145,4045
326,710
134,8582
264,2195
84,13605
440,15189
238,13025
240,15020
35,16079
403,5629
118,8614
6,5175
173,6106
326,952
450,14722
476,7541
458,16532
465,6628
456,163
