Artist_id,Age
1,27
4,18
5,54
6,54
8,54
10,43
11,24
12,23
13,24
16,26
17,24
18,32
19,66
20,70
21,58
22,44
24,55
25,66
26,51
28,70
29,22
31,28
32,29
34,68
35,57
36,47
37,38
38,43
41,21
42,18
43,44
44,62
45,70
46,67
47,55
49,44
50,59
51,26
52,60
53,70
54,44
55,65
56,29
57,20
58,67
59,52
60,64
62,42
63,57
64,18
65,41
66,26
67,41
68,23
69,30
70,56
71,32
72,44
73,69
74,31
75,25
76,29
77,24
78,34
79,46
81,54
82,54
83,36
84,43
85,41
86,43
88,69
89,49
90,20
91,65
92,40
93,64
94,34
95,48
96,34
98,23
99,40
100,34
103,21
104,55
105,26
106,43
107,63
108,33
109,38
110,33
111,38
112,67
113,28
115,53
116,52
117,39
118,31
119,38
120,37
121,58
122,68
123,40
124,61
125,44
126,43
127,21
128,23
130,30
131,27
133,32
134,29
135,27
136,39
137,34
138,56
139,60
140,20
141,49
142,36
143,51
144,59
145,59
146,57
147,24
149,48
150,32
151,68
152,51
153,37
154,69
155,35
156,54
158,42
160,34
161,29
162,37
165,42
166,48
167,55
168,32
169,63
170,65
171,66
173,56
174,65
175,38
176,19
177,58
179,44
180,50
183,19
184,42
185,58
186,68
187,34
189,52
191,38
192,70
194,19
195,54
196,40
197,56
198,42
199,64
200,51
201,25
202,39
203,60
204,58
207,57
210,21
211,50
212,60
213,64
214,44
215,68
216,43
217,51
219,48
220,62
221,53
223,44
224,43
225,67
226,58
227,47
228,49
229,35
231,45
232,63
234,33
236,62
237,34
239,36
243,45
244,54
246,33
247,70
248,58
251,50
252,57
253,47
254,62
255,28
256,19
257,26
258,64
259,68
260,19
262,27
265,64
266,64
267,55
268,46
269,44
270,23
271,59
273,69
274,64
275,19
276,60
278,43
280,41
283,36
286,32
288,57
289,36
290,37
292,31
294,43
295,28
296,34
297,56
300,27
302,44
303,21
304,61
305,59
306,55
307,29
308,59
310,44
311,65
312,63
313,48
314,63
315,29
316,34
317,33
319,48
320,55
321,49
322,31
324,64
325,29
326,46
328,54
330,18
332,28
333,54
334,35
335,44
337,42
338,41
339,64
340,26
341,57
342,61
343,20
344,45
345,60
346,62
347,31
349,52
350,51
352,58
353,29
354,27
355,62
356,50
357,57
358,23
359,57
360,38
361,24
362,38
363,30
364,28
365,24
366,52
367,52
368,70
369,30
370,65
371,64
372,66
374,66
375,64
376,30
377,67
378,29
381,24
382,70
384,44
385,65
386,47
388,43
389,53
390,35
391,36
392,45
393,22
394,61
395,23
396,58
399,49
400,53
401,39
403,46
405,28
406,24
407,39
408,49
409,64
411,52
412,30
413,67
415,33
416,57
417,25
418,29
420,27
421,39
423,36
424,47
426,30
427,45
428,25
429,46
430,41
431,27
432,24
433,60
434,68
435,23
438,64
440,25
441,22
442,31
444,43
446,61
447,49
449,30
451,63
452,59
453,36
454,63
455,65
456,30
458,42
460,55
461,43
462,31
463,24
464,39
465,21
466,69
467,42
468,66
469,70
471,33
472,30
475,47
476,31
477,50
478,49
479,68
480,53
481,52
482,68
483,20
484,36
485,32
486,20
487,64
488,55
489,48
490,45
491,18
493,61
494,64
495,23
497,68
499,22
500,70
501,29
502,32
503,20
504,32
505,42
506,70
507,70
508,26
509,27
510,53
513,42
514,28
515,61
517,69
518,35
519,43
520,32
521,20
524,18
525,28
527,50
528,70
529,41
530,40
531,42
532,67
533,42
534,60
535,38
538,29
539,53
540,33
541,24
544,37
545,49
546,68
548,50
549,43
550,63
552,24
553,46
554,62
555,49
556,63
557,58
558,42
559,40
560,56
561,60
562,37
563,54
564,31
565,29
566,53
568,51
569,53
570,48
571,62
573,69
574,34
576,37
577,33
578,34
579,63
580,54
581,54
582,35
583,40
584,69
585,50
587,53
588,66
589,63
590,21
591,67
592,63
593,59
594,51
595,56
596,33
597,34
598,63
599,25
600,35
601,70
602,53
603,27
606,68
608,46
609,20
610,49
612,38
613,43
614,30
615,39
616,29
617,18
619,43
620,23
621,68
622,50
623,56
624,49
625,27
628,53
629,42
630,29
631,70
632,29
633,19
636,43
638,54
639,66
640,23
641,46
642,56
643,68
644,69
646,46
649,37
650,28
651,20
655,24
657,25
658,53
659,56
660,31
661,29
663,67
664,44
665,35
668,22
669,19
671,40
672,48
673,68
674,51
676,47
678,52
679,31
680,24
681,49
683,26
684,63
685,65
686,34
687,57
688,33
689,69
690,40
691,51
692,42
693,30
694,21
695,50
697,19
698,28
699,36
700,32
702,20
703,41
704,54
705,38
706,44
707,47
708,28
709,35
710,45
711,70
712,20
714,53
715,65
716,21
717,31
718,42
719,58
720,28
722,57
723,55
724,68
725,57
727,44
728,35
729,24
730,67
731,34
733,30
734,39
736,41
737,34
738,62
739,19
740,56
741,54
742,48
743,59
744,38
745,37
746,38
747,51
748,59
749,57
750,46
751,67
753,46
754,63
755,32
756,23
757,38
758,69
759,33
760,65
761,67
763,60
764,35
765,62
766,52
767,21
769,53
770,24
771,29
772,42
773,60
774,19
775,68
776,34
777,63
781,18
782,55
783,70
784,27
787,30
789,61
790,53
791,29
793,67
794,68
795,30
796,53
798,25
799,30
800,55
801,66
802,48
803,26
804,56
805,22
806,50
807,55
809,24
810,44
811,34
812,64
813,19
814,40
817,60
819,30
820,57
821,61
822,57
823,38
825,33
826,48
827,39
828,58
829,63
830,35
831,22
832,59
833,42
835,19
836,51
838,52
839,54
841,61
842,21
843,23
844,37
845,18
846,26
847,59
848,61
849,57
850,51
851,32
852,67
853,64
854,20
855,44
856,59
857,41
858,43
860,21
862,52
864,36
866,59
867,52
869,39
870,63
872,21
873,43
875,38
879,33
880,41
881,47
883,36
884,54
885,66
886,67
887,51
888,65
889,61
890,38
891,45
893,34
894,63
895,61
896,50
898,45
901,69
902,20
904,70
905,62
906,67
907,20
908,46
909,32
910,67
911,61
915,27
916,54
917,45
918,38
919,61
920,70
922,66
923,38
924,27
925,67
926,56
927,62
928,32
929,66
930,53
931,31
932,26
935,57
936,29
937,22
940,44
941,66
942,22
944,62
945,25
946,40
947,24
949,48
950,54
951,40
952,38
953,19
955,51
956,23
957,43
958,67
959,65
960,46
962,53
965,41
966,62
967,28
968,57
971,40
972,27
973,53
974,32
976,51
977,40
979,51
982,52
983,64
984,20
985,23
986,55
988,57
989,57
990,20
991,22
992,27
993,29
994,59
995,30
997,46
998,59
999,64
1002,70
1004,60
1005,39
1006,60
1007,68
1008,55
1010,42
1012,48
1014,26
1015,67
1018,59
1020,42
1022,55
1025,23
1026,36
1027,31
1028,48
1031,52
1032,62
1033,66
1034,56
1035,54
1036,19
1037,32
1038,54
1039,33
1040,61
1041,26
1042,70
1043,30
1045,38
1046,68
1047,54
1048,60
1049,64
1050,69
1051,18
1052,65
1053,24
1054,55
1055,60
1056,42
1057,28
1058,37
1059,48
1060,19
1061,61
1063,59
1064,25
1065,26
1066,30
1067,34
1068,35
1071,25
1072,40
1074,29
1075,26
1076,34
1078,49
1080,52
1081,22
1083,51
1089,27
1090,25
1091,69
1092,62
1095,62
1096,64
1098,40
1099,49
1100,42
1101,59
1102,50
1103,70
1104,65
1105,18
1107,36
1108,60
1109,34
1110,45
1111,55
1112,33
1114,42
1115,39
1117,60
1118,37
1119,47
1120,41
1121,21
1122,53
1123,67
1124,23
1126,31
1127,32
1128,50
1129,50
1130,60
1131,36
1132,62
1133,53
1135,46
1137,25
1138,70
1143,62
1145,57
1146,37
1147,44
1148,34
1149,56
1150,64
1151,70
1152,31
1153,25
1154,41
1156,65
1157,37
1158,69
1159,64
1160,49
1161,67
1162,26
1164,50
1165,43
1166,51
1167,53
1170,53
1172,59
1173,68
1174,34
1175,23
1177,42
1178,35
1179,27
1180,52
1181,68
1182,58
1183,53
1184,52
1185,53
1187,55
1188,51
1189,41
1190,42
1191,53
1192,23
1193,49
1194,65
1195,58
1196,65
1197,21
1198,66
1199,27
1200,26
1202,46
1204,61
1205,53
1206,20
1207,31
1208,58
1209,20
1210,55
1211,34
1213,32
1214,48
1215,22
1217,31
1218,65
1219,33
1220,46
1221,58
1222,46
1224,29
1225,33
1226,39
1228,70
1230,47
1232,38
1234,35
1235,59
1236,52
1237,65
1238,28
1239,62
1241,44
1242,64
1243,29
1244,27
1246,62
1247,44
1248,24
1249,28
1250,52
1252,41
1253,19
1254,66
1255,69
1256,44
1257,32
1258,54
1259,49
1261,43
1262,50
1264,61
1265,49
1266,58
1268,43
1269,20
1270,18
1271,49
1273,22
1274,56
1275,19
1276,68
1278,49
1279,59
1280,66
1281,52
1282,60
1283,34
1284,24
1288,48
1290,20
1291,60
1292,57
1294,38
1295,35
1297,34
1298,70
1299,29
1301,26
1302,37
1303,24
1304,38
1305,60
1306,34
1307,60
1308,23
1309,47
1311,48
1312,31
1313,43
1314,65
1315,31
1316,38
1317,31
1318,64
1319,22
1321,19
1322,32
1323,25
1324,46
1325,62
1326,48
1327,30
1330,60
1331,21
1332,52
1333,36
1334,63
1335,35
1336,38
1338,70
1339,26
1340,35
1341,61
1342,55
1343,18
1344,23
1346,41
1347,40
1348,57
1349,39
1350,22
1351,52
1352,37
1355,38
1356,67
1358,64
1359,54
1360,52
1362,30
1363,20
1364,70
1365,18
1366,53
1368,26
1369,50
1370,22
1371,54
1372,67
1374,69
1375,62
1377,19
1378,52
1380,30
1381,64
1382,30
1383,59
1384,32
1386,21
1387,50
1388,47
1389,62
1391,44
1392,44
1393,34
1395,46
1396,32
1397,38
1398,41
1399,50
1400,57
1401,43
1402,51
1403,22
1404,68
1406,51
1407,51
1408,43
1410,40
1411,20
1412,47
1413,28
1414,24
1415,32
1417,55
1418,62
1419,28
1420,59
1421,39
1422,52
1423,50
1424,58
1425,57
1426,41
1427,69
1428,29
1429,64
1431,53
1432,42
1434,32
1435,24
1436,66
1437,49
1438,46
1440,49
1441,19
1442,30
1443,23
1444,38
1445,65
1446,30
1447,63
1448,46
1450,50
1451,41
1453,27
1454,19
1455,42
1457,62
1458,28
1459,27
1460,36
1461,44
1462,60
1463,20
1464,61
1465,30
1467,18
1468,45
1469,63
1470,47
1472,26
1473,29
1474,49
1475,61
1476,55
1477,52
1478,40
1479,66
1480,63
1481,27
1484,22
1485,38
1486,62
1488,30
1489,52
1490,43
1491,52
1493,29
1496,21
1497,20
1498,49
1499,42
1500,65
1501,29
1502,65
1503,49
1504,66
1505,46
1506,28
1507,33
1508,57
1509,47
1510,30
1511,50
1512,40
1515,59
1516,32
1518,59
1519,62
1520,64
1521,32
1522,22
1523,53
1524,61
1525,28
1526,59
1527,46
1528,48
1529,56
1531,64
1533,50
1534,40
1535,21
1536,49
1537,37
1538,51
1539,68
1540,68
1541,63
1542,57
1543,52
1544,65
1545,32
1546,26
1547,39
1548,39
1549,41
1550,42
1552,39
1554,21
1556,31
1558,34
1559,57
1560,39
1561,52
1562,57
1563,56
1565,52
1566,18
1568,50
1570,60
1571,38
1572,31
1574,39
1575,41
1576,23
1579,51
1580,35
1581,26
1582,27
1583,30
1584,35
1585,18
1586,61
1587,69
1588,26
1589,55
1590,46
1591,65
1592,32
1593,66
1594,55
1595,23
1596,32
1597,67
1598,24
1599,24
1601,30
1602,68
1603,58
1604,39
1605,24
1606,57
1607,30
1608,57
1609,21
1610,51
1611,48
1612,38
1613,60
1614,28
1615,33
1616,52
1617,67
1618,63
1619,36
1620,28
1623,56
1624,54
1625,33
1626,29
1627,39
1628,67
1630,36
1631,25
1632,28
1634,46
1639,29
1640,25
1641,53
1642,43
1645,55
1646,18
1647,48
1648,44
1651,55
1652,58
1653,42
1655,66
1656,61
1657,38
1658,40
1659,69
1660,24
1661,55
1662,69
1663,38
1666,65
1667,59
1669,54
1671,40
1672,35
1674,70
1675,51
1676,24
1677,53
1678,48
1679,26
1680,41
1681,25
1682,21
1683,59
1685,37
1686,61
1688,40
1690,25
1691,54
1692,35
1693,65
1694,60
1695,52
1696,26
1697,58
1699,67
1701,19
1702,21
1703,60
1704,40
1705,37
1706,41
1707,43
1708,34
1709,54
1710,31
1711,21
1712,52
1713,44
1714,25
1715,40
1716,70
1717,30
1719,59
1720,36
1721,32
1722,58
1724,56
1725,56
1726,59
1727,39
1728,25
1731,33
1736,68
1737,58
1738,61
1739,65
1740,43
1741,31
1743,59
1744,61
1745,42
1746,36
1747,18
1749,47
1750,38
1751,47
1753,44
1754,21
1756,51
1757,67
1758,65
1759,70
1760,25
1762,56
1763,54
1764,44
1765,20
1768,46
1769,26
1770,51
1771,30
1772,69
1773,39
1774,69
1775,61
1776,42
1777,59
1778,38
1779,44
1782,34
1783,18
1784,35
1785,51
1786,44
1789,49
1790,66
1791,43
1793,40
1794,37
1796,39
1797,39
1798,59
1799,50
1800,43
1801,37
1803,35
1804,22
1805,45
1807,25
1808,21
1809,24
1811,33
1814,59
1815,69
1817,30
1818,54
1819,36
1820,22
1821,36
1822,49
1823,64
1824,24
1825,58
1826,47
1828,69
1830,24
1831,47
1832,48
1833,39
1834,44
1835,67
1836,30
1837,18
1839,29
1841,19
1842,58
1843,55
1845,32
1846,56
1847,27
1848,39
1849,30
1851,55
1852,62
1853,27
1854,50
1855,43
1856,49
1857,69
1860,64
1861,30
1862,28
1863,55
1865,55
1867,34
1868,69
1869,43
1871,23
1872,33
1874,63
1875,51
1876,34
1877,26
1879,21
1881,18
1883,24
1884,59
1885,53
1887,58
1888,57
1889,32
1890,26
1891,63
1892,62
1893,24
1896,38
1897,48
1898,70
1899,25
1900,70
1901,54
1902,62
1907,43
1908,54
1909,23
1910,60
1911,61
1912,57
1914,19
1915,64
1916,20
1917,26
1919,20
1920,35
1921,66
1922,23
1923,68
1924,64
1925,70
1926,44
1927,45
1929,63
1930,18
1931,33
1932,35
1933,49
1934,60
1935,69
1936,22
1940,53
1941,24
1942,44
1943,20
1944,22
1946,42
1948,23
1949,61
1950,39
1951,66
1952,59
1954,57
1955,21
1956,64
1957,56
1958,45
1959,68
1960,65
1961,36
1962,51
1963,55
1964,28
1965,52
1966,19
1967,26
1968,48
1969,61
1970,28
1971,18
1973,34
1974,67
1975,63
1976,48
1977,58
1978,68
1979,27
1980,67
1981,34
1982,33
1983,32
1984,57
1986,64
1987,51
1988,63
1992,33
1993,70
1995,31
1996,63
1997,36
1998,31
1999,46
2000,65
2001,62
2003,50
2004,37
2005,29
2006,54
2008,35
2009,27
2010,56
2011,61
2012,23
2013,26
2014,60
2015,64
2016,28
2017,65
2018,39
2019,69
2020,18
2021,24
2023,32
2024,26
2026,20
2027,46
2028,32
2029,61
2030,39
2031,59
2032,70
2033,59
2034,54
2035,35
2036,41
2037,48
2038,25
2039,59
2040,36
2041,64
2042,58
2043,54
2044,63
2046,18
2047,18
2048,53
2049,60
2050,38
2052,61
2053,42
2054,18
2055,60
2056,31
2057,42
2058,42
2059,35
2061,70
2062,45
2063,21
2064,18
2065,21
2066,66
2067,25
2069,28
2070,48
2072,51
2074,41
2075,36
2076,46
2077,57
2079,19
2082,63
2083,61
2084,42
2085,53
2086,53
2089,27
2090,22
2091,27
2092,68
2093,20
2096,47
2097,24
2098,25
2099,57
2100,23
2101,69
2102,65
2103,48
2104,20
2105,69
2107,24
2108,40
2109,63
2110,56
2111,21
2113,50
2114,58
2115,25
2116,39
2117,36
2118,60
2119,67
2121,18
2123,64
2124,65
2125,27
2126,52
2127,57
2128,19
2129,42
2131,35
2132,70
2133,48
2134,46
2135,22
2137,54
2138,68
2139,62
2140,35
2141,58
2143,57
2144,25
2145,21
2146,23
2147,51
2148,60
2149,59
2150,42
2151,25
2152,40
2153,51
2154,42
2155,38
2156,42
2157,57
2158,32
2159,50
2160,22
2161,59
2163,29
2164,44
2165,28
2166,45
2169,61
2170,55
2171,34
2172,56
2174,58
2175,67
2177,61
2178,58
2179,51
2180,62
2181,39
2183,42
2184,29
2185,48
2186,52
2187,46
2189,31
2190,34
2191,68
2192,45
2193,64
2194,24
2195,35
2196,34
2198,42
2199,40
2201,29
2202,27
2204,19
2205,67
2207,30
2211,38
2212,31
2214,67
2216,55
2217,27
2218,61
2219,52
2220,32
2222,70
2223,62
2224,18
2225,55
2227,40
2228,60
2229,45
2230,19
2231,55
2232,51
2233,62
2234,25
2236,32
2237,65
2238,26
2239,59
2240,24
2241,24
2242,24
2243,39
2244,40
2246,52
2247,48
2248,54
2249,50
2250,30
2251,66
2253,23
2256,68
2257,64
2258,49
2259,58
2261,37
2263,51
2265,69
2266,60
2268,37
2270,48
2273,24
2274,56
2275,25
2276,47
2278,69
2279,65
2280,20
2281,60
2283,42
2285,37
2286,51
2287,51
2288,54
2289,41
2291,36
2292,52
2293,62
2295,50
2296,64
2297,40
2299,29
2301,37
2302,56
2303,33
2304,23
2305,42
2306,27
2308,51
2309,51
2310,39
2311,42
2312,59
2313,35
2314,18
2315,28
2317,69
2318,57
2319,24
2320,41
2321,34
2322,46
2323,59
2325,23
2326,40
2327,36
2328,69
2329,35
2330,44
2331,24
2333,57
2335,53
2336,28
2337,37
2338,27
2340,31
2341,35
2342,40
2343,24
2344,28
2345,69
2346,68
2347,35
2348,38
2349,54
2350,39
2351,36
2352,27
2353,34
2354,43
2355,62
2356,49
2357,46
2359,35
2360,66
2363,65
2364,21
2366,36
2367,21
2368,67
2369,48
2370,53
2371,65
2374,25
2375,30
2377,55
2378,52
2380,28
2381,47
2382,34
2383,57
2384,64
2385,43
2387,24
2388,64
2389,68
2390,25
2392,67
2394,27
2396,33
2397,38
2398,64
2399,26
2400,39
2401,66
2402,69
2403,32
2404,38
2405,46
2406,26
2407,66
2408,21
2409,42
2412,44
2413,29
2415,54
2416,37
2417,21
2418,70
2419,41
2420,22
2421,35
2422,48
2423,45
2424,32
2425,54
2426,53
2427,55
2428,46
2429,43
2430,38
2431,40
2432,66
2433,62
2434,45
2435,25
2437,37
2440,34
2442,25
2445,43
2446,35
2447,52
2448,62
2449,18
2450,37
2451,49
2452,31
2453,34
2455,43
2456,22
2457,46
2458,21
2459,56
2460,49
2461,68
2462,69
2463,48
2464,43
2465,56
2466,34
2467,29
2468,22
2469,50
2470,66
2471,58
2472,18
2474,48
2475,30
2476,25
2477,45
2479,70
2480,53
2481,22
2482,37
2483,68
2486,68
2487,18
2488,58
2489,48
2490,66
2491,51
2492,55
2493,34
2494,31
2497,46
2498,40
2499,39
2500,34
2501,26
2502,69
2503,39
2505,49
2507,51
2508,69
2509,40
2511,54
2512,42
2513,53
2514,65
2515,53
2516,36
2517,18
2518,63
2519,21
2520,48
2521,53
2523,21
2524,42
2525,20
2526,53
2527,48
2528,68
2529,28
2530,22
2531,20
2532,64
2533,69
2535,20
2536,21
2538,27
2539,40
2540,23
2541,63
2542,57
2544,45
2546,21
2547,23
2548,58
2549,53
2550,33
2551,29
2552,34
2554,60
2555,54
2556,45
2557,30
2558,66
2559,64
2560,50
2561,23
2563,21
2564,41
2565,42
2566,26
2567,51
2569,61
2570,50
2572,45
2573,20
2574,21
2576,68
2577,44
2578,45
2579,27
2581,51
2582,28
2583,52
2584,30
2586,56
2587,69
2588,59
2589,58
2590,44
2591,36
2592,24
2594,37
2595,61
2596,52
2597,38
2600,22
2602,46
2603,67
2605,62
2606,66
2607,66
2608,58
2609,52
2611,69
2613,48
2614,44
2615,69
2616,32
2617,22
2619,56
2620,68
2621,33
2623,67
2624,22
2625,19
2627,26
2629,63
2630,40
2631,32
2632,57
2633,26
2635,28
2636,67
2637,18
2638,36
2639,59
2640,29
2641,59
2642,68
2643,41
2645,34
2646,27
2648,53
2649,31
2650,64
2651,24
2652,19
2653,24
2654,41
2656,26
2657,21
2658,45
2659,65
2660,70
2661,47
2663,58
2664,31
2665,30
2666,37
2667,27
2668,64
2669,54
2670,51
2671,67
2673,33
2674,66
2675,50
2676,46
2678,59
2680,32
2681,23
2683,52
2684,50
2686,28
2687,58
2689,60
2690,65
2691,42
2692,69
2694,58
2695,26
2696,40
2697,48
2698,20
2701,43
2702,27
2705,30
2706,42
2707,68
2708,51
2710,42
2711,28
2713,26
2714,43
2715,30
2716,27
2717,27
2719,53
2722,56
2723,50
2725,18
2726,59
2727,58
2728,19
2729,20
2730,68
2731,53
2733,32
2734,48
2737,66
2738,46
2739,56
2740,64
2742,48
2743,19
2745,40
2748,48
2749,49
2750,36
2751,63
2753,29
2754,34
2755,33
2757,47
2758,24
2760,33
2761,32
2762,43
2763,34
2764,53
2765,43
2767,38
2769,43
2770,50
2771,62
2772,34
2773,30
2774,62
2776,22
2777,41
2778,65
2779,62
2780,23
2781,24
2782,27
2783,64
2785,28
2786,41
2789,65
2790,45
2791,69
2792,24
2795,36
2796,64
2797,46
2798,42
2799,20
2801,24
2802,54
2803,56
2804,48
2806,52
2807,30
2808,61
2809,58
2810,29
2811,25
2812,32
2813,53
2815,60
2818,49
2820,26
2821,70
2822,37
2823,54
2824,62
2825,68
2827,22
2828,51
2829,47
2830,62
2832,42
2833,24
2834,57
2835,61
2836,39
2837,22
2838,67
2839,48
2840,27
2841,61
2842,60
2844,59
2845,49
2846,68
2847,64
2848,40
2849,57
2850,29
2852,61
2855,30
2857,65
2858,64
2859,37
2861,32
2862,62
2863,52
2864,18
2865,56
2866,21
2867,70
2868,20
2869,59
2870,49
2871,48
2872,56
2874,49
2876,67
2877,23
2878,28
2879,40
2880,22
2881,58
2883,55
2884,59
2885,62
2887,37
2888,53
2889,30
2890,51
2892,45
2893,27
2895,60
2896,38
2897,39
2898,47
2899,55
2901,45
2902,53
2903,32
2905,29
2906,62
2907,41
2908,61
2909,18
2910,62
2911,53
2912,40
2913,41
2914,44
2915,39
2916,41
2917,41
2918,22
2919,28
2920,52
2922,69
2924,58
2925,27
2926,68
2927,66
2928,53
2929,20
2930,42
2931,70
2932,57
2933,31
2935,40
2936,58
2937,28
2938,67
2939,18
2942,59
2944,44
2945,51
2946,55
2950,33
2951,49
2952,30
2954,38
2955,54
2956,57
2957,66
2959,20
2960,42
2961,22
2962,45
2964,65
2965,54
2966,35
2967,29
2968,30
2969,35
2970,24
2971,48
2972,25
2973,41
2974,69
2975,67
2976,56
2977,51
2978,56
2979,54
2980,56
2981,23
2982,46
2984,45
2986,21
2988,36
2991,63
2992,36
2994,55
2995,60
2996,59
2997,19
2999,41
3000,58
3001,67
3002,57
3003,65
3004,67
3005,62
3006,62
3007,23
3008,46
3009,34
3010,35
3012,22
3013,65
3016,50
3018,30
3020,59
3021,39
3022,31
3023,38
3024,40
3025,32
3026,65
3027,57
3028,25
3029,44
3030,42
3031,35
3032,47
3033,23
3034,47
3035,60
3036,68
3038,47
3039,32
3042,49
3043,67
3044,39
3045,34
3046,33
3048,65
3049,20
3050,27
3051,26
3053,50
3054,61
3055,42
3056,56
3057,22
3058,44
3059,18
3061,49
3062,27
3063,60
3066,48
3067,48
3068,20
3069,54
3071,50
3072,47
3073,36
3074,57
3075,26
3078,18
3079,57
3081,46
3082,23
3083,52
3084,56
3085,67
3086,67
3088,65
3089,64
3090,64
3091,18
3092,54
3093,60
3095,44
3097,18
3098,41
3099,55
3100,42
3101,21
3102,64
3103,26
3104,42
3105,44
3106,37
3107,42
3108,40
3110,38
3111,23
3112,68
3113,27
3114,55
3115,65
3117,38
3118,31
3119,49
3120,60
3122,20
3123,19
3125,50
3126,51
3127,64
3129,38
3130,28
3131,20
3132,30
3133,65
3134,42
3135,24
3136,56
3138,32
3139,58
3140,58
3141,34
3142,35
3143,36
3144,54
3145,50
3146,53
3147,48
3150,48
3151,66
3152,19
3153,18
3154,56
3156,29
3157,24
3158,42
3160,59
3161,32
3162,40
3163,23
3164,54
3165,56
3166,62
3169,21
3170,70
3171,58
3172,51
3173,55
3174,25
3175,19
3176,51
3177,20
3178,33
3180,68
3181,48
3182,34
3183,67
3184,69
3185,49
3187,44
3188,34
3191,52
3192,20
3193,28
3194,32
3195,65
3197,60
3198,54
3199,19
3200,61
3201,66
3202,67
3203,61
3204,23
3206,47
3207,67
3208,70
3210,62
3211,40
3213,35
3215,61
3217,33
3218,53
3220,60
3221,53
3223,56
3224,51
3225,47
3227,64
3228,28
3229,35
3230,36
3231,26
3232,60
3233,30
3234,65
3235,57
3236,23
3237,22
3238,35
3239,34
3240,67
3241,54
3242,61
3243,34
3244,65
3246,50
3247,24
3248,67
3249,68
3250,36
3251,61
3253,21
3254,68
3255,62
3256,66
3257,24
3259,70
3260,48
3262,57
3263,40
3264,52
3265,50
3266,36
3267,43
3268,28
3269,63
3270,31
3271,26
3272,70
3273,51
3274,46
3275,35
3276,18
3278,59
3279,68
3281,23
3282,48
3284,60
3285,25
3287,53
3288,48
3289,67
3290,63
3291,56
3292,21
3293,54
3295,29
3296,60
3297,62
3299,63
3300,18
3302,41
3303,46
3307,40
3309,59
3311,41
3312,33
3313,61
3314,36
3315,40
3317,42
3318,31
3319,34
3320,62
3322,26
3323,70
3324,70
3325,32
3326,34
3327,67
3328,23
3329,33
3330,54
3331,70
3332,50
3333,43
3334,54
3335,41
3336,61
3337,64
3338,66
3339,64
3340,33
3341,48
3342,44
3344,68
3346,55
3348,26
3349,62
3350,38
3351,28
3352,56
3354,70
3355,32
3356,35
3357,41
3358,32
3359,31
3360,29
3362,19
3363,58
3364,38
3365,24
3366,31
3368,56
3369,40
3370,43
3371,65
3372,32
3373,55
3374,20
3375,41
3376,64
3377,61
3378,61
3379,32
3380,44
3381,43
3382,47
3383,33
3384,24
3385,41
3386,39
3387,48
3388,41
3389,52
3390,43
3391,49
3392,31
3393,66
3394,48
3395,70
3396,31
3397,32
3399,54
3400,26
3401,68
3402,38
3403,27
3404,28
3405,23
3406,40
3408,33
3409,21
3410,58
3411,37
3412,57
3413,41
3414,42
3418,53
3420,41
3421,42
3423,40
3424,18
3426,19
3427,45
3428,53
3429,37
3430,69
3431,56
3432,49
3433,27
3434,20
3435,69
3436,68
3438,67
3439,59
3440,38
3441,23
3442,28
3443,27
3444,31
3445,52
3446,42
3447,27
3449,58
3450,67
3451,21
3452,24
3454,37
3455,56
3458,65
3460,44
3461,49
3463,62
3464,51
3465,46
3467,50
3468,54
3469,33
3470,36
3471,54
3473,45
3474,21
3475,30
3476,41
3478,55
3479,58
3480,36
3481,48
3482,37
3483,36
3484,28
3485,40
3486,48
3487,18
3489,32
3490,61
3491,53
3492,48
3495,36
3496,65
3497,45
3498,62
3499,42
3500,44
3501,23
3502,35
3503,65
3505,59
3506,60
3508,70
3509,28
3510,70
3511,25
3512,49
3513,64
3514,24
3515,38
3516,61
3518,31
3519,41
3520,69
3521,28
3523,24
3524,60
3525,40
3527,26
3532,66
3533,18
3534,49
3535,26
3536,29
3537,46
3538,54
3540,39
3541,37
3543,53
3544,46
3545,64
3546,21
3547,38
3548,42
3549,57
3552,59
3553,33
3555,57
3556,26
3557,38
3559,44
3560,53
3562,52
3564,51
3565,60
3567,67
3568,54
3569,51
3570,24
3571,26
3572,46
3573,65
3575,57
3576,34
3577,65
3578,20
3579,40
3581,24
3583,62
3584,61
3585,28
3586,43
3587,65
3589,56
3591,22
3592,60
3593,63
3594,60
3595,26
3596,51
3598,65
3599,45
3601,21
3603,54
3604,51
3605,32
3606,38
3607,67
3608,29
3610,19
3611,29
3612,53
3613,58
3614,31
3616,23
3617,37
3618,23
3619,43
3621,49
3622,65
3623,36
3626,29
3628,23
3629,19
3630,24
3631,52
3632,29
3633,46
3634,32
3635,59
3636,39
3637,70
3638,26
3639,22
3640,57
3641,18
3642,29
3643,51
3644,18
3645,19
3646,57
3648,37
3649,56
3650,51
3651,39
3652,46
3653,52
3654,70
3656,24
3657,53
3658,60
3659,23
3660,33
3661,42
3662,18
3664,32
3665,62
3666,44
3668,29
3669,32
3671,50
3672,39
3673,51
3674,61
3675,32
3676,37
3679,45
3680,38
3681,47
3682,33
3683,70
3684,61
3686,56
3687,28
3688,19
3689,20
3690,54
3691,28
3692,69
3693,28
3694,47
3695,50
3696,41
3699,62
3700,51
3701,18
3702,32
3704,31
3706,40
3707,70
3708,36
3710,22
3711,23
3712,18
3713,53
3714,26
3715,34
3716,49
3718,29
3719,39
3720,26
3721,45
3722,52
3723,34
3724,18
3725,34
3726,67
3727,22
3729,35
3730,20
3732,61
3733,29
3734,38
3735,18
3736,41
3738,22
3742,41
3743,37
3744,26
3747,54
3748,63
3749,50
3750,52
3751,67
3752,40
3753,44
3754,35
3755,50
3756,54
3758,27
3759,59
3760,54
3761,42
3762,69
3764,32
3765,50
3767,20
3768,33
3769,68
3770,63
3771,47
3772,32
3773,63
3774,54
3775,50
3776,58
3777,40
3780,30
3781,59
3782,37
3784,20
3785,22
3787,29
3788,27
3789,54
3790,41
3793,46
3794,35
3795,36
3796,62
3797,68
3798,44
3799,53
3800,25
3802,36
3803,37
3804,33
3807,55
3809,53
3810,67
3811,54
3812,53
3813,69
3814,44
3815,21
3816,61
3817,18
3818,52
3819,43
3820,28
3822,50
3823,21
3824,32
3825,28
3826,70
3827,34
3828,45
3829,66
3830,59
3832,56
3833,38
3834,55
3835,23
3836,34
3838,59
3839,18
3841,33
3842,39
3843,69
3844,63
3845,69
3846,41
3849,40
3850,62
3851,47
3853,49
3854,34
3855,42
3856,25
3857,49
3859,52
3860,62
3864,30
3865,58
3866,51
3867,48
3868,54
3869,27
3870,58
3871,57
3873,66
3874,29
3875,22
3876,27
3877,69
3878,27
3879,57
3880,32
3881,39
3883,27
3885,28
3886,59
3887,67
3888,39
3889,56
3890,58
3891,68
3892,33
3894,29
3895,46
3896,21
3897,64
3898,37
3899,55
3900,57
3901,41
3902,49
3903,54
3904,62
3905,31
3906,44
3909,40
3910,18
3911,34
3912,53
3913,61
3914,25
3916,56
3917,41
3918,40
3919,52
3920,61
3922,69
3923,60
3924,34
3927,37
3928,40
3929,30
3930,61
3931,38
3932,70
3933,19
3934,36
3937,60
3938,67
3939,57
3940,62
3941,47
3942,35
3943,45
3944,44
3945,43
3946,56
3947,36
3948,32
3949,30
3951,21
3952,53
3953,32
3954,19
3955,48
3956,46
3957,40
3959,46
3960,37
3961,49
3963,29
3964,32
3965,48
3966,49
3967,28
3968,62
3969,66
3970,46
3971,45
3972,19
3973,48
3974,56
3975,43
3976,21
3977,43
3978,28
3979,56
3980,43
3981,58
3982,25
3983,45
3984,36
3985,65
3987,69
3988,30
3989,67
3990,29
3991,66
3992,60
3993,38
3994,25
3995,69
3996,25
3997,60
3998,53
3999,37
4001,62
4002,36
4003,18
4004,45
4005,64
4006,47
4007,53
4008,59
4009,62
4010,69
4011,18
4012,44
4015,22
4016,61
4017,45
4018,63
4019,47
4020,66
4021,59
4023,41
4024,30
4025,58
4026,61
4027,43
4028,44
4029,59
4030,51
4031,60
4032,18
4033,26
4034,56
4035,34
4037,69
4038,20
4039,43
4040,31
4041,24
4042,30
4043,64
4044,59
4045,69
4046,59
4048,47
4049,64
4050,38
4051,53
4053,60
4054,58
4055,19
4057,26
4058,58
4060,34
4061,29
4063,20
4065,30
4066,28
4067,48
4070,56
4071,19
4072,53
4073,48
4074,66
4076,49
4077,63
4078,41
4079,19
4080,60
4081,35
4085,19
4086,34
4087,50
4088,69
4089,39
4090,63
4091,58
4092,36
4093,52
4094,23
4095,39
4096,48
4097,23
4098,67
4099,50
4100,62
4101,61
4102,43
4103,20
4105,30
4107,63
4109,54
4110,63
4111,29
4112,56
4113,33
