Subscription_id,User_id,Plan_type,Start_date,End_date
1,655,Quarterly,2025-05-16,2025-08-14
2,115,Quarterly,2024-09-19,2025-03-18
3,26,Monthly,2024-11-16,2025-05-15
4,760,Monthly,2024-06-08,2025-06-08
5,282,Quarterly,2023-10-31,2024-01-29
6,251,Monthly,2024-04-07,2024-10-04
7,229,Annual,2024-03-28,2025-03-28
8,143,Annual,2024-04-06,2025-04-06
9,755,Annual,2026-08-03,2027-01-30
10,105,Monthly,2024-08-19,2024-09-18
11,693,Quarterly,2024-11-02,2024-12-02
12,759,Quarterly,2026-04-22,2026-10-19
13,914,Monthly,2026-03-14,2026-09-10
14,559,Annual,2026-01-04,2026-04-04
15,90,Annual,2023-11-12,2024-11-11
16,605,Monthly,2024-01-02,2024-02-01
17,433,Monthly,2024-08-01,2024-08-31
18,33,Quarterly,2025-07-22,2026-01-18
19,31,Monthly,2025-06-30,2026-06-30
20,96,Quarterly,2026-01-19,2026-04-19
21,224,Monthly,2024-08-19,2025-02-15
22,239,Annual,2025-06-26,2026-06-26
23,518,Annual,2025-10-09,2026-04-07
24,617,Annual,2025-03-21,2025-09-17
25,28,Annual,2026-04-27,2027-04-27
26,575,Quarterly,2023-10-07,2024-04-04
27,204,Quarterly,2024-02-04,2024-03-05
28,734,Annual,2025-09-17,2026-03-16
29,666,Quarterly,2025-08-14,2025-09-13
30,719,Annual,2026-04-23,2026-10-20
31,987,Annual,2024-01-02,2024-02-01
32,430,Quarterly,2025-02-01,2026-02-01
33,226,Annual,2024-05-01,2024-07-30
34,460,Annual,2026-05-26,2026-06-25
35,604,Monthly,2024-12-27,2025-12-27
36,285,Monthly,2024-11-13,2025-11-13
37,829,Monthly,2025-05-30,2025-08-28
38,891,Monthly,2024-03-16,2024-04-15
39,7,Quarterly,2024-11-11,2024-12-11
40,778,Quarterly,2024-12-11,2025-06-09
41,826,Quarterly,2023-10-23,2024-01-21
42,164,Quarterly,2026-04-27,2026-07-26
43,715,Annual,2024-05-24,2025-05-24
44,984,Annual,2024-08-05,2024-09-04
45,349,Annual,2024-09-27,2024-12-26
46,965,Annual,2025-03-09,2025-06-07
47,160,Annual,2023-12-18,2024-06-15
48,221,Annual,2025-08-23,2026-08-23
49,782,Quarterly,2024-12-27,2025-12-27
50,345,Quarterly,2025-05-18,2025-08-16
51,991,Annual,2025-03-25,2025-09-21
52,95,Annual,2025-07-17,2026-01-13
53,390,Annual,2025-01-01,2025-06-30
54,100,Monthly,2024-04-16,2025-04-16
55,368,Quarterly,2025-04-19,2025-07-18
56,868,Monthly,2023-12-02,2024-05-30
57,353,Quarterly,2024-02-29,2024-08-27
58,619,Annual,2026-01-12,2026-04-12
59,271,Quarterly,2025-04-30,2026-04-30
60,827,Quarterly,2024-09-28,2025-09-28
61,45,Quarterly,2025-10-11,2026-04-09
62,748,Annual,2024-03-29,2024-04-28
63,471,Quarterly,2025-04-23,2026-04-23
64,550,Monthly,2024-08-15,2025-02-11
65,128,Monthly,2023-12-24,2024-06-21
66,388,Annual,2026-02-09,2026-08-08
67,81,Quarterly,2026-03-08,2026-04-07
68,566,Annual,2025-03-19,2026-03-19
69,301,Annual,2026-06-06,2026-12-03
70,850,Monthly,2025-04-26,2026-04-26
71,644,Annual,2026-04-20,2026-07-19
72,634,Annual,2026-05-23,2026-11-19
73,907,Monthly,2025-02-13,2025-08-12
74,883,Annual,2025-03-18,2025-04-17
75,371,Monthly,2026-03-05,2026-06-03
76,592,Annual,2024-05-14,2024-06-13
77,197,Annual,2026-06-01,2026-08-30
78,722,Monthly,2024-06-21,2024-09-19
79,72,Quarterly,2025-10-05,2025-11-04
80,47,Annual,2026-08-11,2027-02-07
81,678,Monthly,2025-07-24,2026-07-24
82,234,Monthly,2025-04-17,2025-07-16
83,792,Quarterly,2024-10-24,2025-01-22
84,297,Quarterly,2024-02-02,2025-02-01
85,82,Quarterly,2024-12-18,2025-03-18
86,876,Quarterly,2026-04-13,2026-10-10
87,979,Monthly,2023-11-20,2023-12-20
88,888,Annual,2023-10-22,2024-01-20
89,104,Monthly,2024-08-13,2024-09-12
90,948,Monthly,2026-01-09,2027-01-09
91,955,Quarterly,2025-01-26,2025-02-25
92,465,Monthly,2023-09-15,2024-09-14
93,651,Monthly,2024-06-15,2024-12-12
94,855,Quarterly,2025-02-12,2025-03-14
95,374,Quarterly,2025-02-26,2025-03-28
96,167,Quarterly,2023-12-19,2024-06-16
97,380,Monthly,2024-07-31,2025-07-31
98,364,Quarterly,2024-11-06,2025-11-06
99,215,Monthly,2024-12-03,2025-03-03
100,687,Monthly,2026-08-08,2027-02-04
101,274,Annual,2024-10-13,2025-10-13
102,971,Annual,2026-01-12,2026-07-11
103,700,Monthly,2025-05-24,2025-08-22
104,664,Quarterly,2025-09-28,2026-03-27
105,74,Monthly,2024-04-17,2024-07-16
106,624,Quarterly,2024-06-18,2025-06-18
107,908,Monthly,2025-12-18,2026-06-16
108,176,Annual,2025-12-22,2026-12-22
109,547,Monthly,2024-09-01,2024-10-01
110,747,Quarterly,2026-02-17,2026-05-18
111,995,Monthly,2023-09-13,2024-03-11
112,168,Quarterly,2024-12-22,2025-01-21
113,474,Monthly,2025-09-09,2026-09-09
114,389,Quarterly,2024-09-20,2025-09-20
115,277,Quarterly,2024-09-08,2025-03-07
116,656,Quarterly,2023-12-23,2024-01-22
117,705,Annual,2024-10-08,2025-04-06
118,571,Monthly,2025-03-26,2025-06-24
119,225,Quarterly,2024-11-13,2024-12-13
120,702,Monthly,2025-04-21,2025-10-18
121,333,Annual,2024-01-20,2025-01-19
122,864,Annual,2025-04-14,2025-10-11
123,787,Annual,2025-09-30,2025-10-30
124,795,Quarterly,2024-12-09,2025-06-07
125,58,Monthly,2026-03-01,2026-05-30
126,235,Quarterly,2024-07-15,2024-10-13
127,842,Quarterly,2024-04-30,2024-07-29
128,983,Quarterly,2025-03-20,2025-09-16
129,825,Annual,2024-02-03,2025-02-02
130,324,Monthly,2024-03-07,2024-06-05
131,411,Annual,2024-10-21,2024-11-20
132,275,Annual,2026-03-13,2027-03-13
133,68,Monthly,2025-08-23,2026-02-19
134,217,Monthly,2025-12-07,2026-01-06
135,581,Annual,2025-11-23,2026-02-21
136,736,Monthly,2025-09-05,2025-12-04
137,323,Annual,2026-03-15,2026-09-11
138,218,Monthly,2025-01-16,2026-01-16
139,672,Annual,2024-08-08,2024-11-06
140,512,Monthly,2023-12-19,2024-12-18
141,406,Monthly,2024-04-07,2025-04-07
142,659,Monthly,2023-09-24,2024-09-23
143,470,Quarterly,2024-12-04,2025-12-04
144,147,Annual,2023-10-03,2023-11-02
145,272,Annual,2026-03-05,2027-03-05
146,993,Annual,2025-01-24,2025-07-23
147,253,Quarterly,2024-11-28,2024-12-28
148,763,Monthly,2024-09-24,2025-03-23
149,975,Annual,2025-07-27,2025-10-25
150,552,Monthly,2025-10-20,2025-11-19
151,270,Quarterly,2026-06-18,2027-06-18
152,765,Annual,2025-07-19,2025-08-18
153,599,Monthly,2025-07-03,2025-08-02
154,439,Monthly,2024-02-06,2025-02-05
155,598,Quarterly,2025-11-18,2026-05-17
156,409,Monthly,2024-07-09,2024-10-07
157,926,Quarterly,2023-12-01,2024-11-30
158,882,Quarterly,2025-12-10,2026-12-10
159,142,Quarterly,2025-04-14,2026-04-14
160,522,Annual,2025-10-30,2025-11-29
161,506,Annual,2023-12-01,2024-02-29
162,94,Monthly,2023-12-13,2024-06-10
163,774,Annual,2024-02-14,2024-05-14
164,49,Annual,2025-12-22,2026-12-22
165,113,Annual,2025-09-27,2025-12-26
166,157,Monthly,2024-09-23,2024-12-22
167,643,Quarterly,2024-01-23,2024-02-22
168,959,Annual,2025-01-08,2026-01-08
169,812,Annual,2024-07-28,2025-07-28
170,697,Monthly,2026-03-04,2027-03-04
171,957,Quarterly,2024-01-20,2024-04-19
172,611,Monthly,2025-01-28,2025-07-27
173,66,Monthly,2024-02-02,2024-07-31
174,395,Monthly,2023-12-21,2024-01-20
175,391,Annual,2024-10-04,2025-10-04
176,964,Monthly,2024-09-01,2024-10-01
177,480,Monthly,2025-07-15,2025-10-13
178,542,Annual,2025-09-28,2025-10-28
179,258,Quarterly,2025-12-20,2026-01-19
180,567,Monthly,2025-06-13,2025-07-13
181,12,Quarterly,2024-06-03,2024-07-03
182,831,Monthly,2026-05-19,2027-05-19
183,739,Monthly,2024-02-20,2024-05-20
184,118,Annual,2023-10-04,2024-01-02
185,699,Monthly,2025-10-05,2026-04-03
186,937,Annual,2026-01-11,2026-07-10
187,769,Monthly,2024-01-10,2024-07-08
188,900,Monthly,2026-01-11,2026-07-10
189,788,Quarterly,2025-08-20,2025-11-18
190,657,Quarterly,2024-02-10,2024-08-08
191,956,Annual,2023-11-21,2023-12-21
192,999,Annual,2026-04-24,2026-07-23
193,932,Annual,2026-07-20,2027-07-20
194,446,Monthly,2025-06-02,2026-06-02
195,162,Annual,2026-05-19,2026-11-15
196,909,Annual,2025-12-04,2026-12-04
197,4,Annual,2025-01-21,2025-07-20
198,740,Quarterly,2025-06-30,2026-06-30
199,737,Quarterly,2024-12-22,2025-03-22
200,931,Monthly,2024-03-30,2025-03-30
201,513,Monthly,2025-02-06,2026-02-06
202,781,Quarterly,2025-08-17,2025-11-15
203,183,Quarterly,2023-12-03,2024-03-02
204,520,Annual,2025-06-04,2025-07-04
205,109,Quarterly,2026-06-05,2027-06-05
206,641,Quarterly,2026-01-10,2026-04-10
207,306,Quarterly,2026-06-20,2026-09-18
208,1000,Quarterly,2023-09-15,2023-12-14
209,797,Quarterly,2024-04-20,2024-05-20
210,895,Monthly,2025-07-07,2026-01-03
211,974,Monthly,2026-02-26,2026-05-27
212,835,Quarterly,2026-06-27,2026-12-24
213,383,Monthly,2024-07-15,2024-08-14
214,799,Annual,2024-09-25,2024-12-24
215,166,Quarterly,2024-01-02,2024-04-01
216,553,Quarterly,2025-04-12,2025-07-11
217,544,Monthly,2024-10-24,2025-04-22
218,1,Monthly,2024-06-16,2024-09-14
219,614,Annual,2024-07-12,2024-08-11
220,332,Monthly,2023-10-01,2024-09-30
221,501,Quarterly,2025-05-31,2025-08-29
222,20,Annual,2023-11-02,2024-01-31
223,809,Quarterly,2023-12-03,2024-05-31
224,372,Quarterly,2024-06-24,2025-06-24
225,315,Quarterly,2024-07-11,2025-01-07
226,246,Quarterly,2023-12-05,2024-06-02
227,60,Quarterly,2024-06-25,2025-06-25
228,247,Annual,2025-10-31,2025-11-30
229,866,Quarterly,2025-07-13,2026-07-13
230,934,Quarterly,2025-02-13,2025-05-14
231,88,Quarterly,2026-06-13,2026-12-10
232,750,Annual,2025-02-13,2025-03-15
233,498,Annual,2023-10-11,2024-01-09
234,71,Monthly,2026-07-27,2026-10-25
235,546,Annual,2025-01-31,2025-07-30
236,129,Quarterly,2024-04-13,2025-04-13
237,132,Monthly,2024-05-30,2024-08-28
238,676,Monthly,2024-12-02,2025-05-31
239,487,Annual,2024-02-07,2025-02-06
240,563,Quarterly,2024-02-07,2024-05-07
241,170,Quarterly,2024-12-04,2025-06-02
242,856,Annual,2024-05-07,2025-05-07
243,541,Quarterly,2023-10-24,2024-10-23
244,622,Annual,2025-05-31,2025-08-29
245,434,Monthly,2025-06-08,2025-12-05
246,867,Annual,2025-09-27,2025-12-26
247,785,Monthly,2023-11-07,2024-11-06
248,939,Annual,2024-02-19,2024-03-20
249,707,Monthly,2025-01-13,2025-02-12
250,206,Monthly,2024-01-07,2024-02-06
251,731,Monthly,2024-10-13,2025-10-13
252,320,Monthly,2025-01-20,2025-04-20
253,845,Monthly,2026-03-14,2026-06-12
254,688,Annual,2026-02-07,2026-05-08
255,972,Quarterly,2024-04-19,2025-04-19
256,832,Annual,2023-10-11,2023-11-10
257,449,Annual,2024-02-07,2025-02-06
258,530,Monthly,2025-05-28,2026-05-28
259,463,Annual,2025-07-02,2025-08-01
260,124,Monthly,2024-10-04,2025-10-04
261,254,Annual,2024-07-27,2024-08-26
262,231,Annual,2025-11-26,2026-05-25
263,828,Monthly,2024-04-17,2024-10-14
264,347,Monthly,2024-03-29,2025-03-29
265,22,Monthly,2024-04-09,2024-05-09
266,603,Monthly,2024-04-11,2024-07-10
267,568,Annual,2024-11-16,2025-02-14
268,236,Quarterly,2023-11-09,2024-05-07
269,735,Quarterly,2023-10-30,2024-04-27
270,968,Quarterly,2025-01-20,2025-02-19
271,8,Quarterly,2024-09-06,2025-09-06
272,73,Annual,2026-03-12,2026-06-10
273,725,Quarterly,2024-04-01,2024-06-30
274,647,Annual,2024-06-24,2024-07-24
275,61,Monthly,2026-07-10,2026-08-09
276,875,Quarterly,2024-06-11,2025-06-11
277,70,Annual,2023-11-24,2024-11-23
278,873,Monthly,2025-04-12,2026-04-12
279,339,Annual,2025-04-20,2025-05-20
280,729,Monthly,2024-04-16,2024-07-15
281,527,Quarterly,2026-06-25,2027-06-25
282,244,Annual,2023-10-24,2024-04-21
283,286,Annual,2024-02-07,2024-03-08
284,686,Monthly,2026-07-08,2026-08-07
285,768,Annual,2026-04-22,2026-07-21
286,220,Quarterly,2023-11-23,2024-11-22
287,754,Monthly,2024-01-07,2024-02-06
288,136,Annual,2024-03-06,2024-09-02
289,585,Monthly,2024-07-30,2024-08-29
290,591,Monthly,2024-10-13,2025-04-11
291,485,Annual,2025-12-19,2026-03-19
292,249,Annual,2024-12-31,2025-03-31
293,710,Monthly,2024-08-01,2025-08-01
294,417,Monthly,2024-08-24,2025-02-20
295,195,Annual,2026-02-22,2026-05-23
296,97,Annual,2024-02-15,2025-02-14
297,947,Quarterly,2024-07-06,2025-01-02
298,675,Annual,2024-08-30,2024-11-28
299,442,Annual,2026-06-04,2026-07-04
300,363,Monthly,2024-06-08,2024-12-05
301,756,Quarterly,2025-03-29,2025-04-28
302,421,Monthly,2024-06-20,2024-09-18
303,479,Annual,2025-11-23,2026-05-22
304,56,Quarterly,2025-04-22,2026-04-22
305,690,Annual,2024-03-11,2024-04-10
306,670,Quarterly,2024-08-10,2025-02-06
307,662,Monthly,2024-05-14,2025-05-14
308,101,Annual,2024-09-23,2025-03-22
309,63,Quarterly,2026-03-28,2027-03-28
310,413,Annual,2024-10-10,2025-01-08
311,348,Monthly,2025-02-14,2026-02-14
312,112,Monthly,2025-06-12,2025-12-09
313,255,Monthly,2026-08-02,2026-09-01
314,924,Monthly,2024-11-25,2025-05-24
315,706,Annual,2025-02-10,2026-02-10
316,815,Annual,2024-03-26,2024-06-24
317,967,Quarterly,2024-08-13,2025-08-13
318,144,Monthly,2024-12-27,2025-06-25
319,830,Monthly,2024-06-26,2024-07-26
320,188,Quarterly,2025-10-28,2026-04-26
321,718,Quarterly,2025-05-24,2025-11-20
322,913,Monthly,2024-12-18,2025-01-17
323,256,Monthly,2024-12-17,2025-01-16
324,78,Quarterly,2026-04-15,2027-04-15
325,454,Monthly,2025-07-30,2026-07-30
326,564,Monthly,2025-07-08,2025-08-07
327,990,Annual,2023-09-19,2024-03-17
328,52,Annual,2024-06-07,2024-07-07
329,668,Quarterly,2024-10-25,2025-04-23
330,554,Quarterly,2026-03-06,2026-04-05
331,16,Quarterly,2025-11-15,2026-11-15
332,981,Annual,2025-07-11,2025-08-10
333,243,Annual,2025-07-10,2025-10-08
334,171,Annual,2024-07-08,2024-10-06
335,752,Monthly,2024-10-31,2025-10-31
336,716,Quarterly,2024-06-08,2024-09-06
337,493,Quarterly,2023-12-05,2024-06-02
338,219,Monthly,2026-03-06,2027-03-06
339,870,Monthly,2025-03-18,2025-04-17
340,726,Quarterly,2024-09-30,2025-09-30
341,169,Quarterly,2025-07-22,2026-07-22
342,887,Monthly,2025-08-16,2026-08-16
343,3,Quarterly,2026-05-28,2026-11-24
344,400,Annual,2026-07-18,2026-10-16
345,989,Annual,2025-09-16,2026-09-16
346,466,Quarterly,2026-05-10,2026-08-08
347,293,Monthly,2024-09-22,2024-10-22
348,898,Monthly,2024-11-14,2025-05-13
349,570,Quarterly,2026-07-06,2027-07-06
350,499,Quarterly,2026-02-17,2027-02-17
351,159,Quarterly,2026-01-13,2027-01-13
352,717,Annual,2026-05-28,2027-05-28
353,304,Quarterly,2026-05-10,2026-08-08
354,223,Annual,2025-03-25,2025-09-21
355,838,Quarterly,2024-06-13,2024-09-11
356,594,Monthly,2026-05-04,2026-10-31
357,556,Quarterly,2025-09-14,2026-09-14
358,692,Annual,2024-09-06,2025-03-05
359,322,Annual,2025-03-18,2026-03-18
360,59,Quarterly,2025-06-01,2025-08-30
361,673,Quarterly,2024-02-02,2025-02-01
362,848,Quarterly,2025-02-12,2026-02-12
363,489,Annual,2024-06-13,2024-07-13
364,515,Annual,2025-04-29,2025-07-28
365,784,Annual,2025-06-01,2025-08-30
366,806,Annual,2025-04-10,2025-05-10
367,877,Annual,2025-02-09,2026-02-09
368,521,Quarterly,2026-02-02,2026-05-03
369,83,Annual,2023-12-24,2024-06-21
370,191,Quarterly,2024-10-31,2024-11-30
371,767,Monthly,2025-10-08,2026-10-08
372,610,Monthly,2025-05-09,2025-11-05
373,724,Annual,2024-05-13,2024-11-09
374,241,Annual,2025-04-08,2025-07-07
375,414,Quarterly,2024-09-28,2025-09-28
376,123,Quarterly,2026-06-01,2026-07-01
377,584,Annual,2025-11-13,2026-11-13
378,854,Annual,2023-12-15,2024-12-14
379,593,Annual,2026-05-01,2027-05-01
380,609,Quarterly,2025-06-20,2025-07-20
381,41,Monthly,2025-06-19,2025-07-19
382,84,Annual,2024-12-21,2025-03-21
383,969,Monthly,2024-02-22,2024-08-20
384,846,Annual,2024-10-30,2024-11-29
385,579,Quarterly,2025-09-15,2026-09-15
386,536,Monthly,2025-04-07,2026-04-07
387,871,Monthly,2024-08-17,2024-09-16
388,268,Monthly,2024-10-03,2025-04-01
389,210,Quarterly,2025-06-01,2025-08-30
390,642,Quarterly,2026-03-03,2026-08-30
391,245,Annual,2025-04-10,2026-04-10
392,885,Quarterly,2024-05-16,2024-08-14
393,860,Quarterly,2024-12-03,2025-01-02
394,135,Quarterly,2025-07-28,2025-08-27
395,308,Monthly,2024-11-05,2025-11-05
396,469,Annual,2025-05-15,2025-06-14
397,952,Quarterly,2025-07-17,2025-10-15
398,75,Quarterly,2025-01-17,2025-07-16
399,10,Monthly,2026-07-14,2027-07-14
400,858,Quarterly,2024-09-08,2025-09-08
401,577,Monthly,2025-02-18,2026-02-18
402,103,Annual,2024-07-31,2025-07-31
403,76,Quarterly,2026-01-30,2027-01-30
404,551,Quarterly,2026-03-01,2026-03-31
405,663,Annual,2025-06-06,2025-07-06
406,519,Monthly,2024-03-27,2024-04-26
407,621,Annual,2026-05-23,2026-11-19
408,713,Annual,2026-02-23,2026-03-25
409,358,Annual,2026-01-15,2026-04-15
410,630,Annual,2025-02-19,2025-05-20
411,890,Annual,2024-10-04,2025-01-02
412,379,Quarterly,2024-05-08,2024-08-06
413,292,Quarterly,2024-12-04,2025-12-04
414,635,Quarterly,2024-07-22,2024-10-20
415,744,Monthly,2025-05-07,2025-08-05
416,557,Quarterly,2025-10-18,2026-10-18
417,310,Annual,2026-03-20,2026-04-19
418,823,Quarterly,2024-05-03,2024-08-01
419,9,Quarterly,2024-12-17,2025-12-17
420,973,Annual,2024-02-19,2024-03-20
421,307,Monthly,2025-02-19,2025-05-20
422,107,Annual,2025-09-18,2026-03-17
423,138,Annual,2024-01-17,2024-02-16
424,942,Annual,2024-05-12,2024-06-11
425,119,Quarterly,2026-06-03,2026-09-01
426,110,Monthly,2025-08-22,2026-02-18
427,821,Monthly,2026-06-09,2027-06-09
428,954,Annual,2025-06-22,2025-12-19
429,279,Annual,2024-07-13,2025-07-13
430,289,Annual,2026-05-10,2026-11-06
431,216,Annual,2026-01-08,2027-01-08
432,352,Annual,2024-08-25,2025-08-25
433,209,Quarterly,2025-01-27,2025-02-26
434,600,Quarterly,2024-11-06,2025-05-05
435,978,Annual,2024-08-07,2024-11-05
436,780,Annual,2026-07-02,2026-12-29
437,822,Annual,2024-11-30,2024-12-30
438,53,Quarterly,2025-06-11,2025-09-09
439,949,Monthly,2026-01-11,2026-02-10
440,653,Monthly,2025-02-03,2025-08-02
441,284,Quarterly,2025-10-28,2026-01-26
442,46,Annual,2025-07-09,2025-10-07
443,804,Quarterly,2024-09-28,2025-09-28
444,342,Annual,2026-07-16,2026-10-14
445,134,Quarterly,2026-02-25,2027-02-25
446,269,Quarterly,2023-10-22,2024-01-20
447,786,Annual,2025-06-14,2025-09-12
448,453,Quarterly,2024-02-16,2024-05-16
449,438,Monthly,2025-05-14,2025-11-10
450,602,Quarterly,2025-12-26,2026-03-26
451,961,Annual,2024-04-27,2025-04-27
452,677,Quarterly,2024-12-14,2025-01-13
453,153,Quarterly,2026-02-06,2026-03-08
454,37,Monthly,2025-09-11,2025-12-10
455,589,Annual,2026-03-16,2027-03-16
456,152,Quarterly,2026-05-31,2027-05-31
457,441,Quarterly,2024-09-13,2025-09-13
458,131,Quarterly,2026-04-25,2027-04-25
459,43,Monthly,2026-04-14,2026-07-13
460,316,Monthly,2026-01-07,2026-02-06
461,906,Monthly,2026-06-29,2026-12-26
462,620,Monthly,2024-01-09,2024-07-07
463,367,Monthly,2025-06-18,2025-12-15
464,652,Annual,2024-02-08,2025-02-07
465,920,Annual,2025-03-15,2026-03-15
466,106,Annual,2024-08-25,2024-09-24
467,701,Quarterly,2026-07-24,2026-08-23
468,746,Annual,2025-10-27,2026-04-25
469,650,Annual,2024-01-19,2024-02-18
470,862,Annual,2024-02-16,2025-02-15
471,905,Quarterly,2025-05-15,2025-08-13
472,182,Annual,2025-11-20,2025-12-20
473,423,Quarterly,2026-06-26,2026-09-24
474,998,Quarterly,2024-07-13,2024-08-12
475,184,Quarterly,2025-08-29,2026-02-25
476,341,Quarterly,2024-01-27,2024-02-26
477,422,Monthly,2023-10-27,2023-11-26
478,963,Annual,2024-09-26,2024-12-25
479,813,Annual,2023-10-17,2024-04-14
480,833,Monthly,2025-10-23,2026-10-23
481,111,Monthly,2024-07-31,2024-10-29
482,392,Monthly,2025-09-17,2025-12-16
483,40,Annual,2024-04-02,2024-09-29
484,482,Annual,2025-04-23,2025-10-20
485,228,Quarterly,2023-12-12,2024-03-11
486,205,Quarterly,2025-09-13,2026-03-12
487,472,Annual,2024-05-26,2024-11-22
488,359,Monthly,2023-09-18,2023-10-18
489,313,Monthly,2024-02-07,2025-02-06
490,816,Annual,2024-11-10,2025-05-09
491,408,Annual,2025-12-23,2026-03-23
492,447,Monthly,2026-04-22,2026-07-21
493,117,Annual,2025-07-01,2025-09-29
494,685,Monthly,2025-09-29,2026-03-28
495,13,Quarterly,2026-01-19,2027-01-19
496,338,Annual,2023-10-11,2024-01-09
497,99,Annual,2026-01-22,2026-07-21
498,637,Quarterly,2024-04-16,2025-04-16
499,660,Monthly,2025-05-04,2026-05-04
500,928,Quarterly,2024-11-12,2024-12-12
501,443,Annual,2026-02-19,2026-08-18
502,36,Quarterly,2024-07-31,2025-01-27
503,496,Quarterly,2024-03-13,2025-03-13
504,396,Annual,2024-04-03,2024-05-03
505,565,Annual,2024-03-20,2024-04-19
506,180,Annual,2024-11-28,2025-11-28
507,329,Monthly,2025-05-22,2025-11-18
508,261,Monthly,2024-07-13,2025-07-13
509,503,Monthly,2026-03-19,2027-03-19
510,696,Quarterly,2024-12-17,2025-12-17
511,432,Quarterly,2025-07-29,2026-01-25
512,869,Annual,2025-05-20,2025-11-16
513,997,Annual,2024-06-23,2024-09-21
514,481,Quarterly,2025-01-26,2026-01-26
515,15,Monthly,2026-06-06,2026-07-06
516,646,Annual,2024-11-16,2024-12-16
517,450,Monthly,2024-04-22,2025-04-22
518,930,Monthly,2026-02-26,2026-03-28
519,92,Quarterly,2026-05-22,2027-05-22
520,298,Quarterly,2024-05-24,2024-06-23
521,757,Annual,2025-05-07,2025-08-05
522,779,Annual,2024-12-15,2025-03-15
523,819,Monthly,2025-02-28,2025-08-27
524,794,Monthly,2025-06-02,2025-11-29
525,727,Quarterly,2024-07-26,2025-01-22
526,177,Quarterly,2024-07-05,2024-08-04
527,540,Monthly,2026-03-28,2026-06-26
528,403,Annual,2024-02-28,2025-02-27
529,161,Annual,2025-08-26,2026-02-22
530,980,Quarterly,2024-04-14,2024-07-13
531,311,Annual,2026-03-08,2026-04-07
532,262,Monthly,2026-03-14,2026-04-13
533,708,Quarterly,2026-05-18,2026-08-16
534,198,Monthly,2024-12-21,2025-01-20
535,461,Annual,2023-09-29,2023-12-28
536,296,Monthly,2024-08-11,2025-08-11
537,98,Annual,2025-05-18,2025-06-17
538,543,Monthly,2026-02-17,2026-08-16
539,23,Annual,2024-10-23,2025-10-23
540,534,Quarterly,2025-11-05,2026-02-03
541,938,Monthly,2026-07-10,2026-08-09
542,783,Monthly,2024-01-14,2025-01-13
543,267,Monthly,2026-07-15,2026-08-14
544,691,Quarterly,2024-02-29,2024-08-27
545,276,Monthly,2024-06-19,2024-12-16
546,569,Monthly,2026-06-05,2027-06-05
547,369,Monthly,2025-06-15,2025-09-13
548,904,Annual,2025-04-29,2025-05-29
549,378,Quarterly,2024-12-08,2025-03-08
550,344,Annual,2026-02-09,2026-08-08
551,674,Annual,2025-08-26,2025-11-24
552,187,Quarterly,2024-01-27,2024-04-26
553,953,Monthly,2026-05-02,2027-05-02
554,894,Monthly,2025-06-09,2025-07-09
555,525,Monthly,2025-08-13,2025-11-11
556,488,Quarterly,2026-07-22,2027-07-22
557,749,Quarterly,2023-10-21,2024-10-20
558,514,Monthly,2025-06-12,2025-09-10
559,340,Annual,2026-08-06,2027-02-02
560,435,Monthly,2026-01-14,2026-02-13
561,64,Annual,2024-08-25,2025-02-21
562,853,Annual,2024-08-16,2024-09-15
563,154,Monthly,2025-02-03,2025-08-02
564,260,Annual,2024-08-19,2024-11-17
565,532,Quarterly,2026-04-01,2027-04-01
566,712,Monthly,2024-03-02,2024-04-01
567,612,Quarterly,2023-11-02,2024-11-01
568,889,Monthly,2024-02-21,2024-03-22
569,207,Annual,2025-05-09,2026-05-09
570,357,Annual,2024-02-25,2024-03-26
571,545,Quarterly,2024-06-01,2024-07-01
572,560,Monthly,2025-03-08,2025-09-04
573,738,Annual,2026-02-15,2027-02-15
574,504,Quarterly,2023-10-24,2024-10-23
575,537,Quarterly,2024-03-06,2024-06-04
576,807,Monthly,2025-05-27,2025-06-26
577,649,Monthly,2024-09-29,2024-10-29
578,802,Monthly,2026-02-09,2026-08-08
579,384,Monthly,2026-04-03,2026-05-03
580,986,Annual,2024-11-07,2025-11-07
581,758,Annual,2026-03-08,2026-09-04
582,588,Quarterly,2023-11-03,2024-11-02
583,155,Monthly,2024-01-16,2025-01-15
584,208,Quarterly,2024-07-10,2024-10-08
585,281,Quarterly,2024-08-28,2024-09-27
586,459,Annual,2024-09-05,2024-10-05
587,156,Monthly,2024-11-07,2025-02-05
588,857,Quarterly,2024-11-07,2025-05-06
589,108,Quarterly,2024-08-11,2024-09-10
590,448,Annual,2025-09-20,2026-09-20
591,473,Monthly,2026-07-12,2026-10-10
592,917,Monthly,2025-06-24,2025-09-22
593,601,Monthly,2025-09-29,2026-09-29
594,336,Annual,2026-06-28,2027-06-28
595,165,Quarterly,2024-07-26,2024-08-25
596,988,Monthly,2026-08-12,2026-11-10
597,227,Annual,2024-11-10,2024-12-10
598,404,Annual,2025-12-18,2026-03-18
599,346,Monthly,2024-02-14,2024-03-15
600,852,Quarterly,2024-11-22,2025-11-22
