User_id,Name,Email,Password,Signup_date,Country
1,Donald Walker,user1@musicapp.com,+&1#4Px2aS4V,2022-08-22,Guam
2,Tyler Rogers,user2@musicapp.com,@6lgRyGSnXDl,2024-01-22,Denmark
3,Dr. Sharon James,user3@musicapp.com,*bdF^lR6M75c,2024-02-27,Denmark
4,Jennifer Jones,user4@musicapp.com,O5G__hRu)VEz,2021-12-19,Saudi Arabia
5,Brittany Moore,user5@musicapp.com,GW_66vTcrhiD,2022-02-04,Afghanistan
6,Pamela Romero,user6@musicapp.com,@+iUqR!B@4rn,2023-12-08,Yemen
7,John Jones,user7@musicapp.com,N27EJ3Rv(Bza,2022-05-13,Czech Republic
8,Kevin Hall,user8@musicapp.com,Y$t0^5Cw)vUM,2022-03-28,Bhutan
9,Jason Shields,user9@musicapp.com,!1(2R_1Mm^Bp,2025-05-12,Taiwan
10,Tammy Allison,user10@musicapp.com,3H6#y7kpJwzP,2021-10-26,French Polynesia
11,Lauren Daniels,user11@musicapp.com,+bpBx^1Wb5(r,2023-07-19,Italy
12,Emily Green,user12@musicapp.com,H_A5HiLzz^37,2026-08-29,Cayman Islands
13,Michele Carr,user13@musicapp.com,mAbvA(*v_W83,2025-06-03,El Salvador
14,Jeff Hill,user14@musicapp.com,!75SY!ersSnV,2022-02-15,Haiti
15,Christine Wright,user15@musicapp.com,rIX@uprlr@5Y,2022-01-12,Ethiopia
16,Ashley Brennan,user16@musicapp.com,3oq4aG8^*DPc,2023-01-18,Turkey
17,Victor Baker,user17@musicapp.com,fBW@Gl6e!u9N,2023-12-01,Jersey
18,Tammie Hanson,user18@musicapp.com,_bC1X2jGh0UI,2022-04-16,Solomon Islands
19,Erica Ramos,user19@musicapp.com,_x3Q9bXpw5Al,2026-08-17,New Zealand
20,Stephen Johnston,user20@musicapp.com,6+6hi*JmwQP6,2022-04-25,Marshall Islands
21,Tiffany Vance,user21@musicapp.com,K+p8Nr8j)5Ke,2026-06-13,Belgium
22,James Hernandez,user22@musicapp.com,CM%nNin@$UN1,2022-11-14,Saint Pierre and Miquelon
23,Stephanie Freeman,user23@musicapp.com,%b6fouPatVb&,2026-05-04,Eritrea
24,Jesse Rogers,user24@musicapp.com,&&YnzDaja4w2,2024-12-01,Brunei Darussalam
25,Kristy Robinson,user25@musicapp.com,04h+mx*@BlwY,2025-09-21,Portugal
26,Raymond Jefferson,user26@musicapp.com,jD1FPDsm)xZZ,2023-10-05,Pakistan
27,Tamara Hampton,user27@musicapp.com,7pn6XsMXG*o1,2023-12-29,Reunion
28,Kellie Lee,user28@musicapp.com,idZOkPrd$VN6,2024-01-17,Guinea
29,David Martinez,user29@musicapp.com,$i54xfyQ8*2D,2025-07-21,Martinique
30,William Tran,user30@musicapp.com,+qyMK1$vN2U^,2022-10-09,Yemen
31,David Grant,user31@musicapp.com,X&GTzVJU%x9i,2024-04-11,Cayman Islands
32,Benjamin Smith,user32@musicapp.com,#9*Pj57kVl9(,2023-09-26,Sweden
33,Christopher Parker,user33@musicapp.com,+cdvoO^#J9J&,2022-11-26,Morocco
34,Casey Stone,user34@musicapp.com,4FxMIB*s*ObH,2022-01-13,Germany
35,Wayne Powell,user35@musicapp.com,(%QrOK$7)0VN,2023-11-04,Russian Federation
36,Adam Russell,user36@musicapp.com,Z$19dINML_2O,2023-01-16,Sierra Leone
37,Richard Adams,user37@musicapp.com,!UaXLNjiF4qy,2025-03-23,Ghana
38,Roberta Hughes,user38@musicapp.com,)xC*Pbt@__x2,2025-09-19,Indonesia
39,Sarah Villarreal,user39@musicapp.com,r&5X5c9w&yiU,2022-05-18,French Southern Territories
40,Robert Carter,user40@musicapp.com,^Tk0EqXht_66,2021-12-09,United Arab Emirates
41,Brooke Alexander,user41@musicapp.com,^dLAJpuGE99@,2024-02-21,Mongolia
42,Natasha Wall,user42@musicapp.com,EZ3cfzoYs%AT,2022-02-10,Bermuda
43,Jason Gonzalez,user43@musicapp.com,tn7nNlqD(x5Q,2024-03-15,Haiti
44,Alexis Herrera,user44@musicapp.com,bVmvV5@xTt*5,2022-06-18,Ireland
45,Tracy Torres,user45@musicapp.com,*_LbDwhg+I*1,2022-09-08,Heard Island and McDonald Islands
46,Trevor Foley,user46@musicapp.com,Eu5RoLbZW@k6,2023-07-18,Switzerland
47,Daniel Kane,user47@musicapp.com,^p2)t0a@@k5Z,2026-05-29,Italy
48,Arthur West,user48@musicapp.com,L^XftSAd#zo8,2026-03-03,New Caledonia
49,Donald Schultz,user49@musicapp.com,RLW*d5Mtf3L(,2022-12-15,Bhutan
50,Maurice Brooks,user50@musicapp.com,#&*gCTcTC)E7,2024-05-09,Netherlands Antilles
51,Kenneth Lewis,user51@musicapp.com,_T(8dJTiYb7H,2024-05-08,Cocos (Keeling) Islands
52,Ellen Morgan,user52@musicapp.com,!sEx&RFL+2Cv,2024-01-08,Cayman Islands
53,Denise Stanley,user53@musicapp.com,8h*9OnOb$HW!,2022-02-12,British Indian Ocean Territory (Chagos Archipelago)
54,Jeffrey Anderson MD,user54@musicapp.com,$^R$@vpUU8I(,2021-10-05,Kuwait
55,Ryan Sanchez,user55@musicapp.com,H)6QcP(PtDfm,2024-10-09,Congo
56,Paige Rios,user56@musicapp.com,#UcrOyBxB7MY,2023-03-04,Madagascar
57,Jesse Brown,user57@musicapp.com,%1MTkULcaBN+,2022-04-29,Rwanda
58,Carrie Wright,user58@musicapp.com,XEtGqc$YC*7Q,2022-05-31,Tunisia
59,Kevin Thomas,user59@musicapp.com,a4e&TZw)^wUt,2022-12-22,Guyana
60,Christopher Lewis,user60@musicapp.com,+93PRgQeq*WH,2021-11-06,Aruba
61,Nathan Montes,user61@musicapp.com,k54Yksxc)Kij,2025-03-10,Spain
62,Amy Castillo,user62@musicapp.com,^o9i8DwK84LD,2022-11-14,Dominica
63,Jade Johnson DVM,user63@musicapp.com,_9nd_ee!+5nZ,2024-12-23,Bouvet Island (Bouvetoya)
64,Bryan Allen,user64@musicapp.com,c9W@QO_J_5Ib,2024-02-23,Iceland
65,James Brooks,user65@musicapp.com,%5+*Vh)zDZ0L,2025-09-10,Sudan
66,Ricardo Ellis,user66@musicapp.com,2%vQ3Bzh2Ejq,2022-11-03,Tuvalu
67,Stephanie Hughes,user67@musicapp.com,Fk7&JJWp9#C7,2025-02-04,Chad
68,Andrew Berg,user68@musicapp.com,Z9NiIPh+#o^K,2025-06-21,Haiti
69,Keith Jacobs,user69@musicapp.com,K^__L8xl1Qt7,2024-10-10,New Zealand
70,Yvonne Gonzalez,user70@musicapp.com,sK#cofD%Sr1O,2024-02-15,Malawi
71,Curtis Taylor,user71@musicapp.com,U*0)rrHfNILU,2023-08-08,Korea
72,Haley Humphrey,user72@musicapp.com,x(tFy+0BeD9s,2025-08-28,Zimbabwe
73,Mario Mendez,user73@musicapp.com,VU0UfCu$p@8j,2026-05-19,Israel
74,Mr. Dylan Frye MD,user74@musicapp.com,^6KJ3oBf_py),2021-12-14,Lao People's Democratic Republic
75,David Davis,user75@musicapp.com,6q+6UBTn%OA@,2022-09-26,Cuba
76,Anthony Simpson,user76@musicapp.com,!*)7JH$r_79G,2026-08-28,Pitcairn Islands
77,Brent Brooks,user77@musicapp.com,_W8##LyQ+^_u,2022-09-15,Saint Vincent and the Grenadines
78,Katie Hicks,user78@musicapp.com,pFbJVkfc@9x*,2024-03-28,Myanmar
79,Mark Harvey,user79@musicapp.com,&wV@B+dI2uqh,2025-10-12,Cote d'Ivoire
80,Matthew Fox,user80@musicapp.com,DEj^OdXr6T42,2026-06-19,Ghana
81,Timothy Pope,user81@musicapp.com,cGy4Dl9s%DK6,2025-10-10,Venezuela
82,Breanna Gilbert,user82@musicapp.com,bRZ3Hf*b!S)I,2026-06-23,Gibraltar
83,Susan Davis,user83@musicapp.com,)xt0R1uzH3vx,2024-02-14,Vanuatu
84,William Daniels,user84@musicapp.com,8lCgZQoC*b2X,2024-07-17,Benin
85,Cathy Taylor,user85@musicapp.com,GL7CiU7E^b3A,2025-02-07,Portugal
86,Teresa Richardson,user86@musicapp.com,+3WISMRp$6hE,2022-09-10,Guyana
87,Ashley Poole,user87@musicapp.com,(CQ(3V&r3LSL,2022-05-11,Sri Lanka
88,Jennifer Velasquez,user88@musicapp.com,$D%zv3ScIi+y,2024-04-25,Trinidad and Tobago
89,Michael Stanley,user89@musicapp.com,(z(2yUhlMfJG,2024-11-26,Falkland Islands (Malvinas)
90,Molly Rodriguez,user90@musicapp.com,_rT%yLbq6$KR,2023-04-19,Djibouti
91,Kyle Chambers,user91@musicapp.com,yQI8TJe0^T3D,2026-08-05,Qatar
92,Elijah White,user92@musicapp.com,A7ltThT)(3ZH,2025-03-27,Switzerland
93,James Jacobs,user93@musicapp.com,ifTGqCwzv1(!,2023-04-25,Romania
94,David Morris,user94@musicapp.com,6AOrMlfiB3B%,2023-06-08,Eritrea
95,Lauren Butler,user95@musicapp.com,Gn3ac7mh#O0K,2026-05-27,Colombia
96,Tina Warren DVM,user96@musicapp.com,@o5e!PaX0XNY,2026-04-22,Falkland Islands (Malvinas)
97,Alicia Li,user97@musicapp.com,*_+Zfm7HFI6z,2026-04-02,Palau
98,James Tran,user98@musicapp.com,!0ZCfysu5sWT,2021-12-18,Uzbekistan
99,Kristy Johnson,user99@musicapp.com,_0muAsTo^SGG,2024-01-30,Austria
100,Ryan Peterson,user100@musicapp.com,C9jMySF1VGj),2022-07-11,Cape Verde
101,Madison Singh,user101@musicapp.com,^AE7)DcTI5E&,2024-12-04,French Guiana
102,Bradley Santana,user102@musicapp.com,cQ79_08fj$vf,2025-03-19,Burkina Faso
103,James Skinner,user103@musicapp.com,JmaOAWdk1&5g,2024-04-14,Greece
104,Richard Diaz,user104@musicapp.com,1i3)r3ln^oSb,2024-11-22,El Salvador
105,Rachel Jones,user105@musicapp.com,RuSI#mdmV)76,2023-01-02,Aruba
106,Miss Jennifer Goodwin,user106@musicapp.com,7&QUAKdjVPD1,2026-06-26,Cambodia
107,Jesse Clark,user107@musicapp.com,Kd5AlPdZ*0y6,2024-08-28,Kyrgyz Republic
108,Lori Lopez,user108@musicapp.com,g_L6!M8akUlR,2023-09-01,Estonia
109,Margaret Harper,user109@musicapp.com,Do6meAd&)(AS,2025-11-09,Italy
110,Jenny Tucker,user110@musicapp.com,O_BL$ERfmx(2,2022-11-13,Tajikistan
111,Bradley Johnson DDS,user111@musicapp.com,%0LgiS(h0mFI,2025-06-20,Cuba
112,Ronald Potter,user112@musicapp.com,%mOij5lVD0Y0,2025-04-23,Guernsey
113,Joshua Morris,user113@musicapp.com,7p4J*sktzq)+,2026-03-22,Switzerland
114,Megan Burns,user114@musicapp.com,F)kiHhdnLO4U,2023-10-20,Papua New Guinea
115,Rebecca Sanders,user115@musicapp.com,&83)pkPi$Yn@,2024-09-27,Cook Islands
116,Elizabeth Baxter,user116@musicapp.com,6FUlHAd5%1!N,2022-10-25,Pitcairn Islands
117,Michael Montoya,user117@musicapp.com,&&c*FAGmq2P^,2025-06-24,Kazakhstan
118,Lori Hernandez,user118@musicapp.com,&&*hoGxB_9&V,2024-09-06,Thailand
119,Lawrence Lopez,user119@musicapp.com,kk5G5Ubr&4BG,2024-04-05,Pitcairn Islands
120,Tiffany Townsend,user120@musicapp.com,79%CaYPI!&RX,2023-03-01,Sri Lanka
121,Jeanette Walters,user121@musicapp.com,_w16u(Xwba0J,2023-01-06,Zambia
122,Rachel Le,user122@musicapp.com,#7rj#E8xe5^L,2024-08-23,Chad
123,Raymond Shannon,user123@musicapp.com,P$p1MHxupSt_,2024-10-27,Ghana
124,Laura Wilson,user124@musicapp.com,lyw_h8oCS02F,2024-01-01,Kyrgyz Republic
125,Katherine Barton,user125@musicapp.com,68IYDozw$aof,2024-10-29,Liechtenstein
126,Brenda Ramirez,user126@musicapp.com,dFy&3Qn^UKx!,2022-03-16,Switzerland
127,Dillon Jones,user127@musicapp.com,V+0MyRx3A$2Y,2024-06-20,Armenia
128,Erin Davis,user128@musicapp.com,$A5MwpqS**k(,2023-07-11,Holy See (Vatican City State)
129,Deanna Hess,user129@musicapp.com,K)1nCGu0Um!#,2022-05-30,Croatia
130,Jeremy Hernandez,user130@musicapp.com,)OrN&ThZk6z9,2023-04-15,Lesotho
131,Hailey Cunningham,user131@musicapp.com,@W#IflME^5+6,2026-04-29,Azerbaijan
132,Vickie Price,user132@musicapp.com,Bg2VHEUs#nlx,2023-07-24,Argentina
133,Kyle Smith,user133@musicapp.com,2*ftot@Vtj0K,2022-06-18,Indonesia
134,Eric Taylor,user134@musicapp.com,#aZxduk4V6Au,2026-09-05,India
135,Lance Mccall,user135@musicapp.com,)OCUsBZxmbf3,2026-07-10,Bangladesh
136,Brian Smith,user136@musicapp.com,&7OGXnNpac0^,2024-09-03,Barbados
137,James Dennis,user137@musicapp.com,yseJtWK$(y1K,2024-08-07,Finland
138,Anthony Armstrong,user138@musicapp.com,!*mYB*3lyN2k,2024-03-22,Norway
139,Jacob James,user139@musicapp.com,#7nT+dib7IB4,2026-04-28,Tonga
140,Cynthia Evans,user140@musicapp.com,sl&Q(isyxl0J,2025-09-25,Syrian Arab Republic
141,Nicholas Aguirre,user141@musicapp.com,S6QtRdVj@mTV,2023-11-21,Turkmenistan
142,Deborah Pena,user142@musicapp.com,0HXc9Prb$N7),2024-08-14,Poland
143,Crystal Turner,user143@musicapp.com,7IZ1Ymki+mQ7,2022-07-13,Burkina Faso
144,Alyssa Lee,user144@musicapp.com,Lte8mHZb$0V1,2026-02-25,Guatemala
145,Deanna Rivas,user145@musicapp.com,$p43443mP@Ac,2023-02-01,Spain
146,Lee Hahn,user146@musicapp.com,pm4ANYV!z+4T,2021-10-07,Liberia
147,Donald Nguyen,user147@musicapp.com,wa1Q4%UwHB_%,2022-03-28,Argentina
148,Laura Lee,user148@musicapp.com,ZN3EAraT+MVf,2026-08-27,Palau
149,Daniel Savage,user149@musicapp.com,&M5LYUiM2(cR,2022-06-15,Guam
150,Dr. Victoria Thomas,user150@musicapp.com,OY1Y!8Yci+2&,2025-03-05,Hungary
151,Curtis Watson,user151@musicapp.com,2cY6YD)q!0m5,2021-09-25,Nepal
152,Stephen Cowan,user152@musicapp.com,^wtHLfygV07a,2026-02-25,Sierra Leone
153,Linda Williams,user153@musicapp.com,(@06d3w!J*QB,2026-03-30,Malawi
154,Richard Jimenez,user154@musicapp.com,n)EI+StiNY3&,2022-09-11,Canada
155,Angela Cummings,user155@musicapp.com,7$%qpOcj(o3!,2022-06-17,Zimbabwe
156,Anna Briggs,user156@musicapp.com,x8GolaMmd#1+,2023-12-23,Kazakhstan
157,Peggy Carr,user157@musicapp.com,(I$7Bpci_2yP,2023-03-28,Bhutan
158,Danielle Reed,user158@musicapp.com,sX!EPMr0_B68,2025-05-17,Iraq
159,Jeremy Berry,user159@musicapp.com,(Oa7IO!kWX@P,2023-09-11,Haiti
160,Sarah Rivera,user160@musicapp.com,ae)i4DPw9Qd9,2022-02-26,Botswana
161,Chelsea Conrad,user161@musicapp.com,&Di$Ybzr3VPO,2023-11-10,Taiwan
162,Mr. Thomas Thompson,user162@musicapp.com,*a2BrIed6)DX,2026-09-02,Turks and Caicos Islands
163,Michael Valencia,user163@musicapp.com,2Y9DbUag+8B(,2026-01-19,Montserrat
164,Stephanie Ferguson,user164@musicapp.com,&0b2hQ9dod9h,2025-03-31,Nicaragua
165,Natalie Hoffman,user165@musicapp.com,l9bZGwyzS!8$,2026-06-22,Russian Federation
166,Kimberly Morrison,user166@musicapp.com,+c30QoJT)V6J,2024-10-27,Nepal
167,Lori Cameron,user167@musicapp.com,S^e7Zsk+SH%r,2022-02-16,Zambia
168,Justin Goodwin,user168@musicapp.com,_5Zt6Drv0(6f,2026-03-17,Libyan Arab Jamahiriya
169,Matthew Flores,user169@musicapp.com,R1@bjqJ*ReFy,2022-01-25,Anguilla
170,Amanda Jones,user170@musicapp.com,#c7GYK@bR4XR,2025-08-07,Guinea-Bissau
171,Richard Turner,user171@musicapp.com,@m#+4oko9Y4Y,2025-12-21,Micronesia
172,Andrew Armstrong,user172@musicapp.com,&hsDIZPcR821,2026-06-01,Oman
173,Michael King,user173@musicapp.com,$b99^PkCad+T,2026-05-15,Germany
174,Michelle Davidson,user174@musicapp.com,g%MEvS1Wop5E,2023-10-15,Saint Lucia
175,Sarah Welch,user175@musicapp.com,V9SSzMMy)jg9,2022-05-03,Haiti
176,David Maynard,user176@musicapp.com,)+Tqq_gv2iY7,2025-12-19,United States of America
177,Thomas Keith,user177@musicapp.com,xY85UDwG!s^6,2024-10-07,Svalbard & Jan Mayen Islands
178,Mr. Larry Shaw,user178@musicapp.com,^ZFhEf(5m7#N,2024-08-17,Syrian Arab Republic
179,Andrew Berry,user179@musicapp.com,##%21wWq@Ua8,2025-03-10,Latvia
180,Ronald Burke,user180@musicapp.com,PT2uW^Fv@)tc,2025-10-16,United Arab Emirates
181,Kim Goodwin,user181@musicapp.com,sR!vcVeqd@v7,2022-01-10,United States of America
182,Cesar Woods,user182@musicapp.com,qI1ekUt!a$JE,2026-08-05,El Salvador
183,Jessica Diaz,user183@musicapp.com,Ik6%T6AgegpY,2023-12-01,Bolivia
184,Rachel Owen,user184@musicapp.com,x!&_mK%4)0Fy,2023-07-09,Rwanda
185,Samantha Bowman,user185@musicapp.com,uQ2k0GvbEa*&,2022-03-08,Indonesia
186,Kelly Mclaughlin,user186@musicapp.com,f1VDRjxL@!0P,2025-02-21,Yemen
187,Tina Walter,user187@musicapp.com,xTiWxoMV#(4),2022-09-09,Isle of Man
188,Alexandra Collier,user188@musicapp.com,bm^CmEs7w4t$,2024-09-12,Guinea-Bissau
189,Barbara Miller,user189@musicapp.com,iS$7TOasq_yt,2023-01-08,Brunei Darussalam
190,Jenny Ayers,user190@musicapp.com,pj8LmB!b!*Ep,2022-02-26,Ethiopia
191,Grace White,user191@musicapp.com,hF3NUycwflT&,2025-09-14,Sri Lanka
192,Jonathan Cowan,user192@musicapp.com,8O6pRx03_o*h,2021-10-11,Isle of Man
193,Michael Jacobs,user193@musicapp.com,Ry9CPUu^X)9q,2022-09-22,Montserrat
194,Andrea Martin,user194@musicapp.com,97Z$upEVxI5K,2025-02-19,Wallis and Futuna
195,James Davis,user195@musicapp.com,8QB*X&uG*ga),2022-05-17,Guinea-Bissau
196,Julie Pitts,user196@musicapp.com,x%1W8OTeZADR,2024-06-17,Isle of Man
197,Adam Mills,user197@musicapp.com,Rc5JAipWkS1#,2023-11-27,Saint Pierre and Miquelon
198,Connie Miller,user198@musicapp.com,lXd8QR7y^_(3,2025-01-03,Liechtenstein
199,Christian Booker,user199@musicapp.com,!2D5+jDBlzMk,2023-04-17,Ethiopia
200,John Lee,user200@musicapp.com,ye%yAd2g&b6G,2025-01-12,Saint Lucia
201,Krista Martinez,user201@musicapp.com,rp4(YC0l(*!G,2022-01-20,Holy See (Vatican City State)
202,Jonathan Parks,user202@musicapp.com,Zd^)BlkhlK20,2022-06-16,United Arab Emirates
203,Mr. Edward Terry,user203@musicapp.com,Dg8ntTr+$79F,2022-01-11,Colombia
204,Helen Oliver,user204@musicapp.com,^1Vr+8IB*a$v,2021-11-08,Libyan Arab Jamahiriya
205,Kenneth Huff,user205@musicapp.com,d6FW^QtO_^l7,2023-04-29,South Africa
206,Deborah Williams,user206@musicapp.com,x*fR2C6g1@4*,2022-03-11,Reunion
207,Carol White,user207@musicapp.com,+zKKBzvF&8fX,2025-04-29,Seychelles
208,Dawn Nixon,user208@musicapp.com,#xA)r!y3*6vm,2026-05-17,Argentina
209,Charles Richardson,user209@musicapp.com,)&Htifk0n3Ht,2025-08-11,Saint Martin
210,Richard Weeks,user210@musicapp.com,u(j5onYY^QBN,2026-08-06,Cape Verde
211,Yolanda Maddox,user211@musicapp.com,499Q&U$c)Pj),2022-02-14,Libyan Arab Jamahiriya
212,Christina Gilbert,user212@musicapp.com,^j8u&HJhB+@A,2025-01-21,Kazakhstan
213,Cynthia Jennings,user213@musicapp.com,%wu1D@dx#@3R,2022-01-28,Nigeria
214,Mary Bennett,user214@musicapp.com,_9kXBaiG8p8p,2022-11-24,Djibouti
215,Michelle Mckee,user215@musicapp.com,1PLRc6RC*+9E,2024-12-06,Falkland Islands (Malvinas)
216,Sherry Zamora,user216@musicapp.com,+sa&GIXh!8+x,2022-03-22,Bulgaria
217,Lauren Sutton,user217@musicapp.com,$Q2zywvtBTwJ,2023-06-15,Serbia
218,Jennifer Jenkins,user218@musicapp.com,1)EyXWXy*4^j,2024-05-28,Rwanda
219,James Wells,user219@musicapp.com,Ixu#4H3b1wK3,2024-11-15,Japan
220,Lisa Holloway,user220@musicapp.com,+URZe#tL5q6M,2025-02-19,Maldives
221,Jeffrey Wilkerson,user221@musicapp.com,%udsM7Fn1VsS,2022-02-11,Christmas Island
222,Michelle Harris,user222@musicapp.com,1tIf)(kE*GkP,2025-07-21,Seychelles
223,Krystal Keller,user223@musicapp.com,2$Agx91f#Ei!,2023-02-23,Turkmenistan
224,Kevin Alvarez,user224@musicapp.com,WtSX7C$_a&pb,2025-11-22,Australia
225,Christopher Powers,user225@musicapp.com,T)9E#iBzmioS,2022-08-15,Tokelau
226,Jason Clark,user226@musicapp.com,Uy9&fBkdJ$7U,2024-01-11,Mali
227,Christopher Lynch DDS,user227@musicapp.com,M0g3Da$D$3Zd,2025-12-05,Seychelles
228,Gary Foster,user228@musicapp.com,)nuNN#f+9qsA,2021-09-30,French Southern Territories
229,Emily Herrera,user229@musicapp.com,$rExVkyYoUG9,2026-07-02,Faroe Islands
230,Shawn Watson,user230@musicapp.com,0%32Qjls+DNq,2025-03-19,Swaziland
231,Brandi Hardy,user231@musicapp.com,(B$6Wqr*ih*i,2026-01-31,Falkland Islands (Malvinas)
232,Jeremy Wilson,user232@musicapp.com,2YQ3DI_d#6^X,2026-03-22,Bulgaria
233,Michael Rodriguez,user233@musicapp.com,1N1ndXBme!Ry,2021-12-10,Suriname
234,Eric Newman,user234@musicapp.com,_s*E7HChCO%(,2025-09-04,Netherlands
235,Brian Roth,user235@musicapp.com,^AMV5RuN@5dJ,2026-08-01,Puerto Rico
236,Michael Stevenson,user236@musicapp.com,+9Td1w^(mjPO,2023-09-14,Svalbard & Jan Mayen Islands
237,Stephanie Fields,user237@musicapp.com,!2XL3VAkcevf,2022-11-16,New Zealand
238,Cameron Phillips,user238@musicapp.com,emB^q5daBG8S,2026-01-13,Moldova
239,Heather Butler,user239@musicapp.com,^@2OKzEaI%kW,2024-12-18,Malawi
240,Joanna Kelly,user240@musicapp.com,U6TPISFy#e(a,2025-04-20,Togo
241,Blake Wu,user241@musicapp.com,gx^Y3PuDjMP@,2024-01-27,French Guiana
242,Thomas Curry,user242@musicapp.com,+UUabg#N)9jI,2023-02-13,Bouvet Island (Bouvetoya)
243,Nancy Hopkins,user243@musicapp.com,dNlID&_z+O2^,2023-03-07,Northern Mariana Islands
244,Nicholas Reed,user244@musicapp.com,$MNN4uYdG7_K,2023-02-12,Germany
245,Amanda Hardin,user245@musicapp.com,tp_7*tGjhg5N,2026-03-16,Germany
246,Adam Jones,user246@musicapp.com,c&16#XdVsQW),2026-05-09,Palestinian Territory
247,Cathy Rodriguez,user247@musicapp.com,#^Lz4Joi7j8%,2026-07-05,Zimbabwe
248,Benjamin Krause,user248@musicapp.com,$(9JX*Kf#^Mj,2023-12-12,Northern Mariana Islands
249,Mary Adams,user249@musicapp.com,!5jNHMm^+sdj,2021-09-13,Grenada
250,Mark Benjamin,user250@musicapp.com,^@iZ1#Gkds5R,2024-04-08,Comoros
251,Alexander Davies,user251@musicapp.com,kZMxmx@c$f73,2022-11-19,Saint Vincent and the Grenadines
252,Benjamin Moss,user252@musicapp.com,$P)0$Akt0*m*,2026-08-15,Spain
253,Robert Hendrix,user253@musicapp.com,yU6KkiVd__Id,2023-06-02,Uzbekistan
254,Brett Boone,user254@musicapp.com,@O!1Yarf)j63,2026-08-24,Isle of Man
255,Lisa Johnson,user255@musicapp.com,#jDTc(R*Ei74,2023-09-24,Congo
256,Melinda Schmitt,user256@musicapp.com,*FZ9KClf7gu1,2022-08-27,Barbados
257,Leslie Nguyen,user257@musicapp.com,(4$I25Hy%K3X,2023-09-12,Saint Helena
258,Vanessa Harris,user258@musicapp.com,%0pW0DsW#ZX0,2023-05-07,Togo
259,Zachary Vargas PhD,user259@musicapp.com,06CUrVXn%y#M,2026-02-18,Sudan
260,David Hansen,user260@musicapp.com,E5!@bGeUVyM6,2022-07-12,Niue
261,April Burton,user261@musicapp.com,&5dXUQbXCuQt,2025-08-23,Haiti
262,Holly Thompson,user262@musicapp.com,j_CRRgwq(h1B,2025-08-26,Falkland Islands (Malvinas)
263,Gregory Tucker,user263@musicapp.com,R(1LPbwyr1r&,2022-02-27,Botswana
264,Michael Crawford,user264@musicapp.com,9xS)DUa9%$8w,2023-02-04,Guam
265,Mr. Joseph Kelley,user265@musicapp.com,sA44e9o_*wXS,2024-06-20,Puerto Rico
266,Bruce Chaney,user266@musicapp.com,)32byOLiR(@u,2022-12-31,Saint Vincent and the Grenadines
267,Erin Thornton,user267@musicapp.com,b*f4DYNsc(@X,2026-05-04,Greece
268,Christie Fox,user268@musicapp.com,%Kb&3AcWvtE_,2022-02-28,Guatemala
269,Jeremy Hoffman,user269@musicapp.com,l$lxJ7nV&XNq,2024-09-06,Benin
270,Thomas Perry,user270@musicapp.com,(_7Gs$nnATW@,2021-10-01,Syrian Arab Republic
271,Maxwell Roberts,user271@musicapp.com,678z%uUT#YNW,2025-09-18,Morocco
272,Carla Brown,user272@musicapp.com,E$WZwe9Z^7Yi,2021-11-04,Tunisia
273,Melinda Turner,user273@musicapp.com,Ur!QFNDt_54D,2024-05-20,Israel
274,Audrey Anderson,user274@musicapp.com,d_7!jx0Ah()L,2025-08-11,Cote d'Ivoire
275,Mrs. Pamela Rodriguez,user275@musicapp.com,$*Yn%(6%b7!u,2022-10-20,Guernsey
276,Ryan Mcmahon,user276@musicapp.com,)5Xf^miRex0L,2021-12-10,Uruguay
277,Karen Wolfe,user277@musicapp.com,7dG34(y)#_iV,2025-12-25,Greece
278,Drew Burke,user278@musicapp.com,I7rpslvF%bHH,2025-11-22,Indonesia
279,Vanessa Figueroa,user279@musicapp.com,DWz)o1LgV8#Z,2025-02-06,Netherlands
280,Ms. Brittany Gibson,user280@musicapp.com,54#gnO@p@CPY,2025-02-18,Somalia
281,Matthew Henry,user281@musicapp.com,pS%#KtGzFM#8,2025-08-28,Jersey
282,James Gallagher,user282@musicapp.com,)UVpPrOxX7yB,2022-11-02,Guernsey
283,Steven Peterson,user283@musicapp.com,I%65B&lq@6L#,2026-08-30,United Arab Emirates
284,Michael Chapman,user284@musicapp.com,B6Om3Omb^AS2,2025-04-11,France
285,Zachary Morales,user285@musicapp.com,fUVXTcJD$m9A,2023-12-13,Israel
286,Jose Powers,user286@musicapp.com,(pU3xgMvR2Au,2025-02-11,Mali
287,Charles Hernandez,user287@musicapp.com,Bn%4NmZn_I(2,2023-05-27,Jordan
288,Amanda Moore,user288@musicapp.com,l#1pxIzp&W0s,2025-04-14,Indonesia
289,Kenneth Mason,user289@musicapp.com,w@8V5)sCVGh5,2022-11-21,China
290,Jessica King,user290@musicapp.com,)wBJcxrvE0Pr,2023-07-08,South Georgia and the South Sandwich Islands
291,Rachel Allen,user291@musicapp.com,wE(6JpGuHy6&,2022-02-27,Norfolk Island
292,Pamela Sullivan,user292@musicapp.com,vMIofCmy!PE4,2024-05-23,Puerto Rico
293,Margaret White,user293@musicapp.com,2A*(Aeim)VI2,2021-12-04,China
294,Christina Perry,user294@musicapp.com,4#6ZMsy2d0HJ,2024-06-24,Chile
295,Nathan Graham,user295@musicapp.com,*27jDOhpWz8c,2026-07-09,Estonia
296,Susan Wood,user296@musicapp.com,MqyH3CJa^_7u,2023-09-12,Spain
297,Jonathan James,user297@musicapp.com,$10O5E&rK7B&,2022-01-30,Vanuatu
298,Shawn Austin,user298@musicapp.com,sB%iKpan$_58,2025-05-09,Jordan
299,Tammy Williams MD,user299@musicapp.com,+oP)&q10o8rV,2022-09-06,Israel
300,Jonathan Davis,user300@musicapp.com,^)Fu*v#Me0J7,2022-05-07,Zambia
301,Nicholas Navarro,user301@musicapp.com,l8)2GWb65jH@,2025-07-19,Oman
302,John Reynolds,user302@musicapp.com,%9POrNEJlmXK,2023-01-02,Guam
303,Maria Reeves,user303@musicapp.com,*8KtN_usUQ9$,2025-08-21,Isle of Man
304,Nathan Hess,user304@musicapp.com,i@gM4S$ce^fi,2022-07-01,Uruguay
305,Blake Hendrix,user305@musicapp.com,@H!aNHrhfA%1,2023-04-15,Benin
306,Connor Cabrera,user306@musicapp.com,+_5opR&g_3(A,2022-10-04,Ecuador
307,Ronald Myers,user307@musicapp.com,0JIDUgzuHPf^,2023-05-29,Marshall Islands
308,Ethan Brown,user308@musicapp.com,OvDd@92d5_6P,2021-11-09,Bulgaria
309,Jeanette Butler,user309@musicapp.com,5oYZpb)2_*Iz,2024-03-10,Andorra
310,Heather Moore,user310@musicapp.com,Cc4TNzki(0Zp,2024-09-29,Romania
311,Jessica Bryant,user311@musicapp.com,X@1TP0(tEfeZ,2022-02-14,Oman
312,Chad Allison,user312@musicapp.com,!n*607YyY6hR,2024-10-15,Zambia
313,Heidi Johnson,user313@musicapp.com,Q^DHzKH##+0W,2026-01-31,Italy
314,Mercedes Russo,user314@musicapp.com,nsX5LZaYXK+m,2025-02-10,Belize
315,Jean Higgins,user315@musicapp.com,j8BDZ@rR#nAR,2022-01-03,Tajikistan
316,Jordan Martinez,user316@musicapp.com,U!_5hVevb1Oj,2024-11-12,Rwanda
317,Danielle Murphy,user317@musicapp.com,L_JI3JYl^)HT,2024-11-27,North Macedonia
318,Melissa Gould PhD,user318@musicapp.com,)q)ep2ENh&Fw,2025-04-18,Montserrat
319,Christian Watson,user319@musicapp.com,^_kJvAJpg4S%,2024-02-27,Georgia
320,George Bennett,user320@musicapp.com,+Zib+f&yYG9E,2026-07-04,Fiji
321,Michelle Armstrong,user321@musicapp.com,+T4Ru$U2Ns(v,2022-06-13,Ecuador
322,Robert Lawson,user322@musicapp.com,p&9IBBp(*0_6,2026-08-16,Philippines
323,Tyrone White,user323@musicapp.com,+0s7Jm$5W5PP,2023-02-18,Kyrgyz Republic
324,John Russell,user324@musicapp.com,xb0IkAr&$3xF,2026-05-26,United States Minor Outlying Islands
325,Aaron Marshall,user325@musicapp.com,!UNW4GfYV)$g,2026-06-01,Qatar
326,Molly Lutz,user326@musicapp.com,&BTD7hL6yD3q,2022-09-28,Uzbekistan
327,April Smith,user327@musicapp.com,ei6kaRwnb#Em,2021-09-17,Taiwan
328,Jacob Lee,user328@musicapp.com,ace!mYl4y3#X,2021-10-07,Congo
329,Donald Mason,user329@musicapp.com,#bW0Vh)v8rGv,2025-01-23,Nicaragua
330,Sonya Smith,user330@musicapp.com,o&)0OKnf$tRB,2023-11-05,Turkmenistan
331,Wanda Perez,user331@musicapp.com,+C%C#h@k6o6N,2026-07-23,Western Sahara
332,Lisa Duran,user332@musicapp.com,_%#Bd%)u7AS%,2022-04-25,Thailand
333,Luis Jenkins,user333@musicapp.com,G)9ADvjLCo*W,2024-12-09,Northern Mariana Islands
334,Jason Hardy,user334@musicapp.com,*%BKxHBr2eAD,2026-01-09,Palestinian Territory
335,Jonathon Conley,user335@musicapp.com,yZ!^6LgMdpTC,2022-12-04,Bosnia and Herzegovina
336,Susan Crawford,user336@musicapp.com,M3WihlFH!!!E,2025-07-23,Kazakhstan
337,Susan Ward,user337@musicapp.com,0!f3Gj@ot@cG,2023-05-07,Korea
338,Jaime Jackson,user338@musicapp.com,%_9NwFFW(6$X,2023-09-27,Greece
339,Robert Salas,user339@musicapp.com,fkkXPGrg(Q19,2023-10-18,Mozambique
340,Rachel Santos,user340@musicapp.com,$HArUvFoG3KE,2025-02-07,Nigeria
341,John Ortiz,user341@musicapp.com,*K7IsmPS584(,2024-07-22,Grenada
342,Danielle Mcgee,user342@musicapp.com,__peS7iw4zGm,2023-05-14,Senegal
343,Crystal Cummings,user343@musicapp.com,$SHmDqoJv7Kp,2022-12-18,Tunisia
344,Oscar Porter,user344@musicapp.com,JcHKRChku_5C,2022-10-14,Yemen
345,James Wells,user345@musicapp.com,s9*S#cOu^xO5,2025-01-06,Azerbaijan
346,Carolyn Heath,user346@musicapp.com,)IgFd3qA&6+U,2024-10-30,Saint Barthelemy
347,Adam Thomas,user347@musicapp.com,6C6TM#zZt@ok,2025-08-06,Christmas Island
348,Thomas White,user348@musicapp.com,v1q8YMwd)4Oz,2025-05-15,Korea
349,Jonathan Murray,user349@musicapp.com,@p7!MtCkN^S5,2023-02-05,New Caledonia
350,Caleb Figueroa,user350@musicapp.com,!#K1esyK$Y1V,2022-07-20,Gambia
351,Aaron Barton,user351@musicapp.com,$h#@mcLw3nbf,2025-06-21,Suriname
352,Mark Weber,user352@musicapp.com,5*B6N!d4a(Y$,2024-06-23,Luxembourg
353,Raven Nielsen,user353@musicapp.com,)ydcxICdr2pN,2022-07-24,Hong Kong
354,Crystal Matthews,user354@musicapp.com,i)5J6A_t2!Z3,2026-01-15,Burkina Faso
355,Richard Williams,user355@musicapp.com,&g43%tzad4YQ,2024-01-23,Bahrain
356,Corey Walters,user356@musicapp.com,0SkEPJMc2#3A,2025-11-16,Faroe Islands
357,William Sanders,user357@musicapp.com,Pg#mO@npiuW7,2025-10-14,Kyrgyz Republic
358,James Obrien,user358@musicapp.com,ME2!Pfwuv@5O,2024-04-18,Turks and Caicos Islands
359,Belinda Frederick MD,user359@musicapp.com,&P4cdaug5#Yy,2022-01-09,Eritrea
360,Brittany Wright,user360@musicapp.com,jZtHVsd1)2AA,2025-07-27,Gambia
361,Tammy Booth,user361@musicapp.com,D_huYAzm!^@9,2025-03-12,Chile
362,Michael Gonzalez,user362@musicapp.com,T#2h8DoqKt(Z,2023-03-13,Antarctica (the territory South of 60 deg S)
363,John Hodges,user363@musicapp.com,wbk$3IyQx!0i,2026-09-04,Tuvalu
364,Dr. Teresa Ortega MD,user364@musicapp.com,*Ldfr_Wz!5KF,2024-08-11,Isle of Man
365,Mark Mcmahon,user365@musicapp.com,q^gc5NlkDv0U,2023-04-17,French Polynesia
366,Sheila Walter,user366@musicapp.com,O+nzzMewNS8B,2023-05-10,Saint Barthelemy
367,Timothy Orr,user367@musicapp.com,b%bbuXikC43u,2021-12-10,United States Minor Outlying Islands
368,Rachel Burch,user368@musicapp.com,&&&Hvh(Fi3U!,2024-12-09,Tanzania
369,Emma Diaz,user369@musicapp.com,_4HRM_vnO2Qv,2024-12-29,Ghana
370,Melissa Hill,user370@musicapp.com,nO+FyCPugld9,2024-04-27,French Southern Territories
371,Kimberly Rogers DDS,user371@musicapp.com,R8M2pH)cU^6e,2023-01-18,Burundi
372,Doris Thomas,user372@musicapp.com,$3Xcz_wJuu*y,2025-06-14,Pakistan
373,Tracy Sims,user373@musicapp.com,5Ocw3Bddaj&a,2024-07-28,Algeria
374,Bryan May,user374@musicapp.com,UU3hk1sZ(U*A,2022-09-18,Angola
375,Kimberly Burnett,user375@musicapp.com,*mQs3a(pd1LB,2025-01-16,Palau
376,David Mullins,user376@musicapp.com,ESJv!jwQ@1KQ,2023-01-24,Mauritania
377,Brett Weiss,user377@musicapp.com,A$wW0EGe^6Gs,2026-01-14,Philippines
378,Briana Harris,user378@musicapp.com,Z4TZw0mB_GU6,2025-04-24,Mexico
379,Mark Cox,user379@musicapp.com,4!FxGzu1^4mE,2025-02-25,Tonga
380,Lisa Mosley,user380@musicapp.com,1l5kSrmV7#eY,2024-02-04,Ethiopia
381,Margaret Wood,user381@musicapp.com,L$EM9Nwfu4Z&,2022-02-22,North Macedonia
382,David Davis,user382@musicapp.com,)0l!wcC_OxcR,2022-05-15,Comoros
383,Michele Brady,user383@musicapp.com,$$8uit0F)EVO,2021-10-03,Egypt
384,Shannon Roberts,user384@musicapp.com,*YHuuIQgv4o%,2026-04-12,French Southern Territories
385,Gregory Bowen,user385@musicapp.com,J5Asdt!i&MFE,2024-09-14,Kazakhstan
386,Hector Hamilton,user386@musicapp.com,9)^C#gwxy(3D,2025-06-07,Sao Tome and Principe
387,Tammy Cameron,user387@musicapp.com,k&D2c$DJWdN8,2025-02-04,Cape Verde
388,Douglas Wilson,user388@musicapp.com,%e3VP1nVY4)#,2026-01-16,Nicaragua
389,Anthony Russell,user389@musicapp.com,J%J%(kve6s3H,2023-05-24,France
390,Lawrence Jordan,user390@musicapp.com,Ak@7pCLEj%Fa,2025-09-16,Tuvalu
391,Patrick Martinez,user391@musicapp.com,K*vXAGiw))3e,2022-08-07,Saint Barthelemy
392,Andrea Barnes,user392@musicapp.com,8x9w%xFt(0P^,2022-09-10,Faroe Islands
393,Christopher Robinson,user393@musicapp.com,+e0AqeS0$5Z_,2023-06-15,Egypt
394,April Bailey,user394@musicapp.com,)r7)c9yY5EK8,2023-06-25,Trinidad and Tobago
395,Patrick Reyes,user395@musicapp.com,W_4U3YpuLgK_,2026-08-28,Montenegro
396,Catherine Campbell,user396@musicapp.com,%2_JLZmf_hF*,2025-11-12,Vietnam
397,Randy Adams,user397@musicapp.com,_wAzDe2N9K0C,2022-01-24,Puerto Rico
398,Barbara Bryan,user398@musicapp.com,P@8J@J_d4rGr,2023-12-20,Bosnia and Herzegovina
399,Luis Wilson,user399@musicapp.com,@0WcebAmD*tT,2024-02-03,Tokelau
400,Bridget Hernandez,user400@musicapp.com,Ux7*zdGBJdCk,2022-12-16,Hungary
401,Kimberly Vasquez,user401@musicapp.com,(3Mdhc5!z@Tw,2025-04-03,French Polynesia
402,Samuel Bonilla,user402@musicapp.com,&3GeFhxFdb^n,2025-08-11,Ecuador
403,Ronald Butler,user403@musicapp.com,7dXICje9#r#h,2022-05-08,Syrian Arab Republic
404,Sherri Spencer,user404@musicapp.com,ej+yQy)3%91Q,2025-04-19,Lao People's Democratic Republic
405,Martin Wilcox,user405@musicapp.com,Z2(Zlo#8#%0h,2025-10-03,Vanuatu
406,Bradley Hudson,user406@musicapp.com,$!v!EZp2hfy9,2021-12-20,Macao
407,Patricia Johnson,user407@musicapp.com,9+Mr&frl&7Sb,2022-07-21,Mali
408,Carlos Carter,user408@musicapp.com,j)6X^BYwl_qS,2024-08-06,Vietnam
409,Douglas Cox,user409@musicapp.com,j7F6qa_wU@1H,2024-03-17,Haiti
410,Tiffany Brooks,user410@musicapp.com,7_c6ZgQo!p9+,2026-01-20,Paraguay
411,John Nichols,user411@musicapp.com,*tCi2CBf1dN8,2022-06-28,Cameroon
412,Andre Burke,user412@musicapp.com,ky33@iZl&_80,2023-07-06,Croatia
413,Anthony Jacobson,user413@musicapp.com,0jJYc+dEd5!&,2023-11-26,Papua New Guinea
414,Erica Downs,user414@musicapp.com,+eOBkb7fz5AY,2026-08-13,Cuba
415,Joshua Martin,user415@musicapp.com,w3U@mLgP&daL,2023-04-17,Vanuatu
416,Jake Tran,user416@musicapp.com,9#cYdvNm&n&8,2023-03-11,Sao Tome and Principe
417,Jeremy Perkins,user417@musicapp.com,!LGNMgxt4meg,2026-04-30,Finland
418,Deborah Roberson,user418@musicapp.com,&@koQgn0U3AG,2023-12-21,Spain
419,Todd Myers,user419@musicapp.com,+2*MPYkoY7Sw,2026-08-11,Algeria
420,Michael Knapp,user420@musicapp.com,@9LYa5s9R6Mk,2022-12-30,Vietnam
421,Margaret Riley,user421@musicapp.com,)@7O^ot3*k1O,2022-12-01,Honduras
422,Joanne Martin,user422@musicapp.com,%WFvzNXS0gu2,2024-05-12,Tonga
423,Daniel Murphy,user423@musicapp.com,v7XwDS9hOP$1,2024-10-18,Fiji
424,Ricky Matthews,user424@musicapp.com,#LW8X*G23pmL,2025-01-13,Ireland
425,Sherry Clements,user425@musicapp.com,(lJ56MFaB(cf,2024-03-10,United Arab Emirates
426,Janice Guzman,user426@musicapp.com,(Wrp3sDrBB2l,2023-09-03,British Indian Ocean Territory (Chagos Archipelago)
427,Kyle Garza,user427@musicapp.com,@$U!M)AjRRC9,2022-10-01,Gabon
428,Gregory Miller,user428@musicapp.com,HdL^xTbX#$!7,2024-01-12,Chile
429,Steven Wood,user429@musicapp.com,7k0w^Wbm7(_M,2022-06-11,Northern Mariana Islands
430,Kelly Allen,user430@musicapp.com,*N&IeEnkZp7^,2025-06-30,Cuba
431,Chelsea Garcia,user431@musicapp.com,Q$v9Yoq)tGLX,2025-09-04,Jamaica
432,Tiffany Ray,user432@musicapp.com,25s1#Od7@&J+,2023-02-03,Kazakhstan
433,Anthony Reyes,user433@musicapp.com,H3RJgcZw&$#7,2024-01-05,Turkmenistan
434,Brian Gross,user434@musicapp.com,0+4e9g1tYgPc,2025-02-18,Chad
435,Jesse Rivers,user435@musicapp.com,_yr0k!EN!7N$,2023-04-16,Syrian Arab Republic
436,Carol Thomas,user436@musicapp.com,gJgz1OEzE@rj,2023-08-21,Poland
437,Alicia Irwin,user437@musicapp.com,#U2JL&up$8YS,2026-02-10,United States Minor Outlying Islands
438,Jeanne Butler,user438@musicapp.com,UdG)bTkD%!4_,2024-08-29,Nigeria
439,Elizabeth Roberts,user439@musicapp.com,40OO!En$%rkb,2026-06-11,Faroe Islands
440,Christina Richards MD,user440@musicapp.com,6c0$lsuW0KPl,2022-11-28,Burkina Faso
441,Elizabeth Miller,user441@musicapp.com,)fK_KBRe7JJI,2025-03-27,Saudi Arabia
442,Elizabeth Sanchez,user442@musicapp.com,S(9hHE!lqt5%,2022-11-21,Bhutan
443,Melissa Lin,user443@musicapp.com,@$3_gO4qp9BV,2024-03-01,Cook Islands
444,Christian Hobbs,user444@musicapp.com,*HPGuANg5(1X,2022-09-02,Jersey
445,Cathy Cardenas,user445@musicapp.com,_S39FwqbGd*I,2022-12-09,Kuwait
446,Alexandra Turner,user446@musicapp.com,t9OrL!+P_3bQ,2022-09-19,Canada
447,Kristine Stevens,user447@musicapp.com,au^oNZy1e#a4,2024-09-08,Bangladesh
448,Nicholas Hall,user448@musicapp.com,_vylP5s0s1J%,2022-01-28,Tanzania
449,James Welch,user449@musicapp.com,!2zK26K92dml,2022-04-25,Norfolk Island
450,Robert Barry,user450@musicapp.com,p^6wfRSrnPEs,2022-07-06,Niue
451,Laura Martinez,user451@musicapp.com,O$RDd9nG(4+9,2024-11-22,Iran
452,Stephanie Aguilar,user452@musicapp.com,%2r%3kCit0OB,2022-03-05,Barbados
453,Lisa Miller,user453@musicapp.com,f*OEDNiq(7@j,2025-03-27,Pitcairn Islands
454,Amy Cannon,user454@musicapp.com,w_KsyF2K+2VN,2021-11-06,Spain
455,Danielle Brown,user455@musicapp.com,8BW!zOHfa^v2,2021-10-27,Rwanda
456,Penny Carter,user456@musicapp.com,B3*QIiN^_oQA,2024-04-08,Saint Kitts and Nevis
457,David Alexander,user457@musicapp.com,n81Ax%pG*GA4,2022-11-26,Austria
458,Phillip Pineda,user458@musicapp.com,h4#fIqjz)l5w,2024-04-16,Jamaica
459,Patricia Green,user459@musicapp.com,&hlw&6SCH7Xa,2026-07-26,Gambia
460,Sara Abbott,user460@musicapp.com,!#*7AIUosSwK,2026-07-13,Norfolk Island
461,Luke Williams,user461@musicapp.com,@KBF4vzy@0oR,2023-03-07,Botswana
462,Ashley Jones,user462@musicapp.com,$cSJl@WEy5Fv,2022-05-09,Heard Island and McDonald Islands
463,Chris Garza,user463@musicapp.com,B9gGevGV@zia,2022-01-27,Morocco
464,Kimberly Martinez,user464@musicapp.com,aQB(UtTpy5B0,2026-05-11,Guyana
465,Jonathan Melendez,user465@musicapp.com,L7Un)ThI__79,2022-05-16,Cameroon
466,Stanley Gonzalez Jr.,user466@musicapp.com,Ii*M*Fd@0^Q0,2026-08-05,Moldova
467,Barbara Merritt,user467@musicapp.com,*t^uwtYg^9dT,2023-10-01,Canada
468,Jacqueline Banks,user468@musicapp.com,&V5*AfTsUoJO,2021-10-05,Turkmenistan
469,Donald Hobbs,user469@musicapp.com,19L40v7W^j8*,2023-06-27,United Kingdom
470,Kimberly Lloyd,user470@musicapp.com,3!7gln9(eoKA,2022-01-12,Paraguay
471,Regina Garner,user471@musicapp.com,18YfjeBu$uKB,2022-09-07,Burundi
472,Tony Nunez,user472@musicapp.com,%g72qwph!%TE,2026-09-06,Estonia
473,Cynthia Bailey,user473@musicapp.com,qbO2WJ9hxs(J,2024-12-05,Jamaica
474,Tyler Guerrero,user474@musicapp.com,jNlO6WePrj^j,2022-09-05,India
475,Dean Brown,user475@musicapp.com,*3IU03uwXCWK,2025-06-15,Slovakia (Slovak Republic)
476,Pamela Tran,user476@musicapp.com,_Q+Rp4gt03gv,2024-07-12,Somalia
477,Douglas Johnson,user477@musicapp.com,hmBHmqp^_3gi,2025-10-26,Bhutan
478,Larry Collins,user478@musicapp.com,682QaMx&^TNt,2025-01-08,Luxembourg
479,Pamela Klein,user479@musicapp.com,H*3SZCay*0pO,2025-01-16,Nicaragua
480,Sara Hodges,user480@musicapp.com,BD+7TI!nhk!B,2025-09-21,Russian Federation
481,Shannon Haney,user481@musicapp.com,^)1Q(2w(@OYN,2025-10-20,Iran
482,Jeffrey Phillips,user482@musicapp.com,XF4_Q3Xk_6MQ,2021-10-09,Algeria
483,Chris Jones,user483@musicapp.com,2&L*WVgZr!@4,2024-05-25,Gambia
484,Jennifer Scott,user484@musicapp.com,+g87*kVsC(3C,2024-10-26,Cote d'Ivoire
485,David Robinson,user485@musicapp.com,N!^x_2EfAi5),2023-02-15,Georgia
486,Blake Jacobs,user486@musicapp.com,eoTOkUiKD@$2,2026-02-18,Croatia
487,Tammie Lee,user487@musicapp.com,^E2VXtaP!8Z2,2026-06-16,Falkland Islands (Malvinas)
488,Samantha Roy,user488@musicapp.com,*9qhl#Uo+gq),2022-03-07,Northern Mariana Islands
489,Scott Ramirez,user489@musicapp.com,$9sX0yfFabIb,2022-03-23,Cameroon
490,Jeremy Hill,user490@musicapp.com,Z$8BTfMn&u&N,2023-12-18,Nauru
491,Rachel Robinson,user491@musicapp.com,vA^7ChxAG98T,2021-11-12,French Polynesia
492,Deborah Burns,user492@musicapp.com,ZLY5LyGR3dD),2023-11-25,Macao
493,Rebecca Davis,user493@musicapp.com,$u4YNGoTasB*,2026-05-21,Lebanon
494,Steven Lopez,user494@musicapp.com,^hK4FdoN6fWN,2024-07-16,Serbia
495,Jeffery Adams,user495@musicapp.com,0)6WSawU_bk$,2026-01-03,Kuwait
496,Aaron Hernandez,user496@musicapp.com,1pK4+TJc+*#H,2025-01-23,Switzerland
497,Pamela Davis,user497@musicapp.com,HC5YqeRD#x@r,2025-08-20,Swaziland
498,Nicole Melendez,user498@musicapp.com,133DaJpG_#EJ,2021-09-15,Syrian Arab Republic
499,Bradley Parks,user499@musicapp.com,!BUGLZxz@67Y,2022-08-07,Slovakia (Slovak Republic)
500,Sarah Bonilla,user500@musicapp.com,@2^!wN7rXqKM,2025-09-21,Australia
501,George Phillips,user501@musicapp.com,9I!A#(IfH08),2024-11-01,Uganda
502,Jimmy Williamson,user502@musicapp.com,+C8XfmoPfCZS,2024-01-12,Equatorial Guinea
503,Jessica Wilson,user503@musicapp.com,$RId$Ujv891P,2022-05-15,Philippines
504,Jason Smith,user504@musicapp.com,MkY*4IiX&2MJ,2024-02-13,Lebanon
505,Gilbert Reed,user505@musicapp.com,OR0G2OUx*y&h,2026-06-09,Peru
506,Mario Jackson,user506@musicapp.com,z^9TN5u)Wn*4,2025-09-02,Tonga
507,Victoria Werner,user507@musicapp.com,4s(j6bLyZPR4,2023-01-18,Uzbekistan
508,Aaron Gallegos,user508@musicapp.com,Ga2VZd_Xz*gv,2023-03-16,Montenegro
509,Tiffany Johnson,user509@musicapp.com,po+Rq0vqB)63,2025-09-16,Kenya
510,Valerie Porter,user510@musicapp.com,69^hcIQM@fwK,2023-10-02,Oman
511,Jessica Carey,user511@musicapp.com,n!4HumKk*oiZ,2026-03-28,Isle of Man
512,David Olson,user512@musicapp.com,1LKhuDdC%78#,2024-08-01,Cyprus
513,Michelle Parker,user513@musicapp.com,+eS+u)Wp72oV,2024-11-06,Haiti
514,Whitney Sullivan,user514@musicapp.com,+p)2Lu0Q0s@w,2026-01-08,Fiji
515,Heather Stevens,user515@musicapp.com,_0gE#Ywz8XoR,2022-09-17,Mali
516,Robert White,user516@musicapp.com,fHy38ggwt_A3,2023-10-21,Mauritania
517,Mark Gonzalez,user517@musicapp.com,@S3OCVppr72l,2022-02-16,Saudi Arabia
518,Katherine Thompson,user518@musicapp.com,w7Q68TAj(vOB,2025-02-27,Senegal
519,Anna Atkins,user519@musicapp.com,ji8PBRgAX^F+,2025-05-15,Cayman Islands
520,Veronica Valdez,user520@musicapp.com,&pA_CHiLJH4i,2024-06-18,Sri Lanka
521,Pamela Smith,user521@musicapp.com,f93GkvT23Pp+,2022-11-19,Lesotho
522,Theresa Harrington,user522@musicapp.com,zV7%DRi9M&^H,2025-09-09,French Southern Territories
523,Brandon Sanchez,user523@musicapp.com,7R)8jYkvBpsK,2026-07-30,Denmark
524,Cristian Mata,user524@musicapp.com,v_ZJ4Tnx%FTz,2025-08-12,Morocco
525,Morgan Cunningham,user525@musicapp.com,lo1uXfhiJ8(R,2024-07-13,Barbados
526,Gina Rose,user526@musicapp.com,U!6@4m74b+LA,2023-03-29,Comoros
527,Christopher Johnson,user527@musicapp.com,R)0B53Ye8v4E,2022-12-15,Anguilla
528,Sarah Clark,user528@musicapp.com,2jV!xOmQ03v7,2025-06-21,Cote d'Ivoire
529,Heather Scott,user529@musicapp.com,@Jx*7AAaa4da,2022-06-20,Saint Lucia
530,Ryan Thompson,user530@musicapp.com,_M2W3e9XmJ!Q,2024-06-11,Turkmenistan
531,Amanda Harris,user531@musicapp.com,&5CI#tt$FWQ+,2022-08-16,Italy
532,John Lucero,user532@musicapp.com,l!Et7BRw(7On,2022-04-05,Bulgaria
533,Bradley Davis,user533@musicapp.com,66TAedVQz&4C,2022-11-28,Saint Pierre and Miquelon
534,Rebecca Welch,user534@musicapp.com,Yn5HANpe$2Iz,2021-12-26,Kazakhstan
535,Mary Robertson,user535@musicapp.com,D5jF*pii^J@S,2022-09-12,Rwanda
536,Gregory Chavez,user536@musicapp.com,1vzQof@g(W+p,2024-03-17,Puerto Rico
537,Christopher Becker,user537@musicapp.com,eS_JHyxHGQJ9,2026-03-18,Afghanistan
538,Justin Collins,user538@musicapp.com,%+_9Tcw5kZG2,2022-05-01,Burundi
539,Patrick Blackburn,user539@musicapp.com,b#3(B*YeaA)O,2025-02-09,Guam
540,Amanda Massey,user540@musicapp.com,J0eqO9Uogx%1,2024-01-04,Italy
541,Sharon Ramirez,user541@musicapp.com,PJny&*lu+4bI,2022-03-06,Taiwan
542,Joseph Schaefer,user542@musicapp.com,VkwU(TEds&0h,2026-07-04,Tonga
543,James Trujillo,user543@musicapp.com,+1Y6VI#arEcE,2026-02-21,Greece
544,Madison Mack,user544@musicapp.com,p#ghRyO&ERl3,2025-08-04,Bermuda
545,Jonathan Lopez,user545@musicapp.com,NCIE+0w2&3Z9,2025-02-23,Qatar
546,Brandon Harper,user546@musicapp.com,_RHI*wme6U&z,2022-05-04,Cape Verde
547,Danny Neal,user547@musicapp.com,Z3!6@XoIS$3H,2024-01-09,Eritrea
548,Deborah Wood,user548@musicapp.com,^5BRdkU*tle$,2024-10-15,Guernsey
549,Courtney Adams,user549@musicapp.com,!Kw0oT%Dq7cT,2026-05-29,Rwanda
550,Phillip Anderson,user550@musicapp.com,&dA5loIiy3pV,2025-11-13,British Indian Ocean Territory (Chagos Archipelago)
551,Kendra Cross,user551@musicapp.com,jz+#ufHtHdc3,2022-04-19,Tanzania
552,Eric Thompson,user552@musicapp.com,&4PyYchQ@Wy%,2024-08-12,Marshall Islands
553,James Johnson,user553@musicapp.com,91L14Dqc)Ure,2021-10-20,Nigeria
554,Stacy Leon,user554@musicapp.com,D4QsOWzd@uJG,2022-01-09,Bahrain
555,Charles Horne,user555@musicapp.com,$%yNoamV*3aZ,2024-07-28,Saudi Arabia
556,Diane Taylor,user556@musicapp.com,$4OUnNGOk9c%,2026-05-05,Uganda
557,Laura Thompson,user557@musicapp.com,$^0R$nqaQ1Fd,2026-09-10,Uganda
558,Angel Harris,user558@musicapp.com,$u9duUtmnyzn,2023-07-31,Cambodia
559,Deanna Weeks,user559@musicapp.com,_vatI!uFo29W,2023-10-15,Armenia
560,Michael Jones,user560@musicapp.com,O1CF6czH@9U(,2025-07-07,Tanzania
561,Joseph Johnson,user561@musicapp.com,1G&D%hFgKib*,2025-12-06,Montenegro
562,Gloria Clements,user562@musicapp.com,s%Owg4YC#5Ko,2021-10-25,Cambodia
563,Amy Cohen,user563@musicapp.com,&0va_*5GT8R(,2026-05-07,Mayotte
564,Roger Alvarez,user564@musicapp.com,XL6cvDzLu+J),2022-04-28,China
565,Dr. Isabel Smith PhD,user565@musicapp.com,eS0HoOnJIg#G,2024-12-30,Saint Kitts and Nevis
566,Daniel Lee,user566@musicapp.com,$iIL3o(a9njY,2026-03-15,Tuvalu
567,Teresa Reynolds,user567@musicapp.com,Gb0hTWHg2*Mq,2023-01-10,Venezuela
568,Sherri Lowe,user568@musicapp.com,uq@&uAhaA%Y1,2026-03-17,French Guiana
569,Justin Lester,user569@musicapp.com,#X2SMyNdyb_K,2024-04-10,Hong Kong
570,Alejandro Watts,user570@musicapp.com,17S^Trzr^)sH,2025-10-01,North Macedonia
571,Ricky Buchanan,user571@musicapp.com,@rI9Z28ptOt^,2024-06-03,Jersey
572,Paul Wolf,user572@musicapp.com,#qu!UKrM*d81,2024-07-25,Guam
573,Michelle Tran,user573@musicapp.com,tc4IBP(ll*^F,2022-10-27,Tonga
574,Adam Roman,user574@musicapp.com,)1Mqk*se2hE&,2022-05-03,Djibouti
575,Bobby Flores,user575@musicapp.com,eOePgVpK(3yg,2023-06-26,British Virgin Islands
576,Samuel Avila,user576@musicapp.com,$2MZ46Du!rc8,2022-05-04,Guatemala
577,Sabrina Miller,user577@musicapp.com,bBjt7Awx+BEm,2022-03-17,Samoa
578,Christopher Vazquez,user578@musicapp.com,uo7MsOkhJ@&B,2023-04-25,American Samoa
579,Mary Thompson,user579@musicapp.com,@M)2O+Gd822O,2025-05-22,Bahamas
580,Andrea Morris,user580@musicapp.com,5v*IJe+YcJ)9,2024-09-12,Heard Island and McDonald Islands
581,Amy West,user581@musicapp.com,ctsksN8Dk3G&,2026-07-03,Nauru
582,Danielle Elliott,user582@musicapp.com,!_5RMdwf%G2Q,2023-09-17,Lebanon
583,Aaron Kelly,user583@musicapp.com,jwN7R2e1)W9%,2023-10-17,Jamaica
584,Dan Phillips,user584@musicapp.com,!tCYTli*86eL,2021-10-14,British Virgin Islands
585,Kristen Wood,user585@musicapp.com,Y6RCn#8a^r%f,2022-02-20,Central African Republic
586,Isaac Kelly,user586@musicapp.com,@H%ykdS&6+Kq,2023-09-11,Anguilla
587,Melissa Mendoza,user587@musicapp.com,!3_YGYHP9heI,2022-02-21,Argentina
588,John Bailey,user588@musicapp.com,s03@9LqTP+2W,2023-06-21,British Indian Ocean Territory (Chagos Archipelago)
589,Jeremy Faulkner,user589@musicapp.com,_(G*8YimAd3V,2024-02-14,Oman
590,Stacey King,user590@musicapp.com,4(CJffLGha0W,2023-08-25,Botswana
591,Lisa Vincent,user591@musicapp.com,G%0$J2Jo^I@j,2021-09-11,Venezuela
592,Mark Farley,user592@musicapp.com,!f7rd8Fa%d3H,2023-06-08,American Samoa
593,Mary Chung,user593@musicapp.com,47b%1dlp$TpX,2026-08-07,France
594,Jacob Hoover,user594@musicapp.com,sfSBZILv(i2b,2024-10-16,Guyana
595,David Taylor,user595@musicapp.com,R7rOtyyDYho^,2025-05-14,Swaziland
596,Wanda Stephens,user596@musicapp.com,6Sv1cSaCn(vQ,2025-04-04,San Marino
597,Victoria Perez,user597@musicapp.com,s7!wP*_^_5En,2025-03-01,Anguilla
598,Bryan Lopez,user598@musicapp.com,_(va!WDiA1CZ,2021-10-31,Antigua and Barbuda
599,Andre Haynes,user599@musicapp.com,J8rdczGxi&Y&,2025-12-12,Korea
600,Dana Riggs,user600@musicapp.com,jp4I!)rj!5PJ,2024-12-04,Palau
601,Bruce Black,user601@musicapp.com,#W7cJ^f6Gha1,2022-02-09,Czech Republic
602,Lauren Snyder,user602@musicapp.com,w70)yw@O+JZs,2024-08-02,Italy
603,Jeffrey Miles,user603@musicapp.com,qbNP1C_i@12a,2025-09-21,Bangladesh
604,Audrey Williams,user604@musicapp.com,h$FJ!Q7eAm26,2023-04-10,China
605,Lori Trevino,user605@musicapp.com,@_i2zVeYIYvn,2024-12-29,Paraguay
606,Larry Camacho,user606@musicapp.com,2PPqZ5QO^W+t,2024-11-14,Heard Island and McDonald Islands
607,John Roman,user607@musicapp.com,C^wPGRctuWa4,2024-01-20,Liechtenstein
608,Lisa Brown,user608@musicapp.com,V4_j52x2C4IW,2024-08-09,Spain
609,Michael Marquez,user609@musicapp.com,MQ(f56GzCrl(,2024-03-15,Venezuela
610,Glenn Scott,user610@musicapp.com,@y!1vuDmV842,2026-07-12,Nepal
611,James Wilson,user611@musicapp.com,#1o8SLkucyrT,2022-08-12,Saint Helena
612,David Robinson,user612@musicapp.com,uE5@Yi0iG)@9,2024-01-20,British Virgin Islands
613,Jason Allen,user613@musicapp.com,)!bKpoF5h2K+,2022-07-05,Serbia
614,Michael Kim,user614@musicapp.com,OXo5KeadFk3(,2024-01-03,French Guiana
615,Shawn Yu,user615@musicapp.com,dL_G9HOut&64,2023-08-29,Chile
616,Maria George,user616@musicapp.com,$4$0MSlQ6+_K,2023-07-23,Chad
617,Shane Oliver,user617@musicapp.com,MJ2@xr^j)jRJ,2026-02-14,Cape Verde
618,Danielle Smith,user618@musicapp.com,P4Q#Mo5XFjMa,2026-03-27,Northern Mariana Islands
619,James Smith,user619@musicapp.com,cH8HQxZp*fhh,2022-01-20,Brunei Darussalam
620,Kyle Richardson,user620@musicapp.com,GA%1T3nhLVi_,2022-01-02,Andorra
621,Dawn Ross,user621@musicapp.com,MI$wLg9$+7aK,2023-08-17,Micronesia
622,William Boone,user622@musicapp.com,AP!*5K%gY@LC,2025-10-02,Heard Island and McDonald Islands
623,Laurie Stephenson,user623@musicapp.com,#*6Y%xvFaqf7,2022-02-16,Hungary
624,Andrew Turner,user624@musicapp.com,2l3NUz3s0##k,2024-01-15,Lithuania
625,Joe Lam,user625@musicapp.com,)Ss5YCPifQ8V,2022-08-31,Faroe Islands
626,Elizabeth Kaufman,user626@musicapp.com,l7mToSjM+&S0,2024-06-26,French Southern Territories
627,Marcus Fry,user627@musicapp.com,u%I1YykFA_zu,2022-05-21,Ecuador
628,Kyle Watkins,user628@musicapp.com,k!RO&clZz@1C,2023-02-05,Benin
629,Eric Garcia,user629@musicapp.com,!u1sBO7tn)X_,2022-01-14,Norway
630,Lawrence Barker,user630@musicapp.com,0M6KAamvuko!,2026-01-27,Cape Verde
631,Kevin Wilson,user631@musicapp.com,f8C@5NIebb7E,2022-01-03,Antigua and Barbuda
632,Corey Jones,user632@musicapp.com,!M4jfLmheawM,2024-10-16,Israel
633,Dr. Charles Henson,user633@musicapp.com,wt8Tjpel$!Nm,2022-06-27,Pitcairn Islands
634,James Rice,user634@musicapp.com,K)lLfSTg$9IY,2025-12-27,Montserrat
635,Sandy Walker,user635@musicapp.com,4bUHU4bm%!$^,2023-08-29,Macao
636,Mary Crawford,user636@musicapp.com,)3RuGf1v@JC6,2024-04-19,Venezuela
637,Eduardo Scott,user637@musicapp.com,0#6AGS^xqp!5,2023-11-22,Guadeloupe
638,Sandy Nichols,user638@musicapp.com,X1P&1vS6(tlk,2022-09-23,Suriname
639,William Todd,user639@musicapp.com,kJljH0Km^d0h,2026-03-30,Gibraltar
640,Andrew Chavez,user640@musicapp.com,zv9Inxpa!WTL,2024-10-31,Senegal
641,Robert Hartman,user641@musicapp.com,R5#*vHzj_z8o,2024-08-04,Gambia
642,Alexander Mitchell,user642@musicapp.com,W1E*7Cr1#q5E,2024-03-30,Trinidad and Tobago
643,Juan Evans,user643@musicapp.com,&CJn&v!r&0I*,2026-05-04,Belgium
644,Matthew Carroll,user644@musicapp.com,0)gPc5Ig@Ugo,2024-07-14,Jersey
645,Jasmine Bryan,user645@musicapp.com,yI57mre6W%(E,2023-06-28,Colombia
646,Michael Anderson,user646@musicapp.com,$^3x8(!x(d!H,2026-08-18,Solomon Islands
647,Erika Jenkins,user647@musicapp.com,_283EqViOwK6,2022-09-28,Slovenia
648,Kelly Harris,user648@musicapp.com,8J@k4VEjLc8N,2022-03-15,Cyprus
649,Alicia Young,user649@musicapp.com,P*(Hrd8alh6T,2025-06-03,Venezuela
650,Laura Middleton,user650@musicapp.com,+@iQaDN1g#7d,2026-06-04,Iran
651,Anne Ruiz,user651@musicapp.com,pEi3OJKb$s5q,2026-07-03,Saint Vincent and the Grenadines
652,William Dunn,user652@musicapp.com,32#!H(8V+xD5,2022-04-24,San Marino
653,Michael Weaver,user653@musicapp.com,k_*P4U!dvg0P,2023-09-30,Angola
654,Rodney Young,user654@musicapp.com,2!2LX#gfFhiG,2024-01-14,Syrian Arab Republic
655,Adam Brooks,user655@musicapp.com,(i2+(VmnQ(cw,2023-01-18,Switzerland
656,Cindy Cole,user656@musicapp.com,#7Z9j@IFRuqo,2026-03-24,Saint Pierre and Miquelon
657,Ashley Mendoza,user657@musicapp.com,m91qWx$p_^R&,2026-03-26,Mexico
658,Amanda Henry,user658@musicapp.com,$2QY^fSgB0Zz,2022-11-08,Gibraltar
659,Rhonda Willis,user659@musicapp.com,*jPFzhWf@B3k,2023-02-05,Belize
660,Lindsay Ray,user660@musicapp.com,t^14PkqMPM*$,2026-05-03,Guatemala
661,Nathaniel Hill,user661@musicapp.com,#IlPzFMs0U6S,2024-08-06,Cote d'Ivoire
662,Scott Grant,user662@musicapp.com,5jwpa)%l)q6Z,2023-09-27,Niue
663,Maria Kelley,user663@musicapp.com,2f1ZH5q_Hc*7,2023-11-23,French Southern Territories
664,Shawn Avila,user664@musicapp.com,#J5xXx$GvY+w,2023-01-16,Iraq
665,Jackie Stephens,user665@musicapp.com,@&FG8xUm#tj4,2023-08-23,Macao
666,William Rivera,user666@musicapp.com,%c#cTw5t3#E7,2026-02-08,British Virgin Islands
667,Renee Shaffer,user667@musicapp.com,@MrW$yt&cO)1,2025-01-19,Belarus
668,Lisa Wagner,user668@musicapp.com,x6DfQ!o3^lVC,2022-05-29,Taiwan
669,Dana Bennett,user669@musicapp.com,8x(fI!X3*7)%,2026-02-24,Northern Mariana Islands
670,Joshua Perez,user670@musicapp.com,&8hIPfkWP^LC,2026-08-02,Qatar
671,Joshua Shepard,user671@musicapp.com,!COUKa$d5)j@,2024-03-12,Iceland
672,Anita Pitts,user672@musicapp.com,LBh*04Ev!P6U,2025-01-29,Norway
673,Victoria Guerra,user673@musicapp.com,ATkDjh5pt%0I,2022-11-28,Saint Kitts and Nevis
674,Michael Hayes,user674@musicapp.com,PzU%9UbeL+0T,2022-10-01,Seychelles
675,Sheila Douglas,user675@musicapp.com,(tipYQ_jU9U_,2026-07-26,Sierra Leone
676,Laura Sparks,user676@musicapp.com,1j$9_xGdvI2z,2025-12-13,British Indian Ocean Territory (Chagos Archipelago)
677,Valerie Johnson,user677@musicapp.com,*vfQ2XgE6w_s,2025-08-01,Tuvalu
678,Dr. Kylie Hamilton,user678@musicapp.com,!VEcK7Zz8I^n,2022-09-12,Bolivia
679,Renee Edwards,user679@musicapp.com,^H+Vjogs1nIh,2022-12-07,Netherlands Antilles
680,Jean Murillo,user680@musicapp.com,^gmCxQ$%R@86,2025-01-06,Austria
681,Christopher Soto,user681@musicapp.com,I_948@uK80$O,2025-07-19,Bulgaria
682,Justin Davis,user682@musicapp.com,y*7%jbvb7x2M,2022-11-11,Venezuela
683,Thomas Morales,user683@musicapp.com,!oC0*W!o*8Pb,2023-02-25,Guatemala
684,Daniel Jones,user684@musicapp.com,7$x8J_Hjy&_z,2024-11-22,Switzerland
685,Joseph Pennington,user685@musicapp.com,01V+&OqR*77u,2022-07-23,Guam
686,Melissa Kim,user686@musicapp.com,q&1cB#hhx@3R,2025-11-15,Korea
687,Jennifer Hurley,user687@musicapp.com,$p@iFQy04D6&,2025-10-06,Singapore
688,Jillian Garcia,user688@musicapp.com,gQi6S_exhw%R,2024-07-17,Nigeria
689,Joshua Smith,user689@musicapp.com,lwd5okff#2ZB,2026-04-21,Micronesia
690,Diane Hayes,user690@musicapp.com,h#a&85OzN(x1,2022-04-04,Slovakia (Slovak Republic)
691,Amy Burton,user691@musicapp.com,*SpUKron7QTz,2022-05-11,Pitcairn Islands
692,Mason Fleming,user692@musicapp.com,7#5EzwXc$#)B,2026-02-26,Timor-Leste
693,Clayton Mills,user693@musicapp.com,_gXM6wcg*9n4,2024-11-17,Guam
694,Bobby Becker,user694@musicapp.com,D^NRDyUHVq2R,2025-02-19,Tokelau
695,Michael Wood,user695@musicapp.com,wiT@BOcn!7Q(,2025-12-26,Vanuatu
696,Linda Martin,user696@musicapp.com,V7#83WkLC$*f,2022-08-28,Lebanon
697,Robert West,user697@musicapp.com,70dZ(wk#^tXA,2026-02-26,Lebanon
698,Nicholas Anderson,user698@musicapp.com,)oQpDIlC*0J%,2026-06-21,Somalia
699,Diana Huffman,user699@musicapp.com,PyW8kgJE#7o9,2025-07-09,United States Minor Outlying Islands
700,Robin Patterson,user700@musicapp.com,^0lE4a5w)qrn,2022-09-14,Gibraltar
701,Mr. Mark Simmons,user701@musicapp.com,99QXVXfdxd+2,2024-08-02,Norway
702,Aaron Diaz,user702@musicapp.com,(wQljSmg22L_,2025-03-18,Bermuda
703,Adam Davis,user703@musicapp.com,+fM@IpQ&$ks6,2022-03-13,Niue
704,Mr. Scott Mcmahon,user704@musicapp.com,P^2LsSfcS1T(,2023-12-15,Cuba
705,Mitchell Robinson,user705@musicapp.com,C0UFagrw)l9V,2023-05-20,Mexico
706,Christopher Valdez,user706@musicapp.com,+RBZ7sfMh3+H,2022-12-01,Eritrea
707,Tiffany Jimenez,user707@musicapp.com,W1V+UK+obWiF,2023-11-08,Russian Federation
708,Trevor Bautista,user708@musicapp.com,#bx)Effe(3Ei,2024-06-22,Macao
709,Jessica Sutton,user709@musicapp.com,E+RuluVm#q55,2025-12-30,Timor-Leste
710,Joe Reed,user710@musicapp.com,sq@3UjgV#@Xs,2026-07-29,Azerbaijan
711,Laura Gay,user711@musicapp.com,@3sHYg(+quVI,2023-05-13,New Caledonia
712,James Garcia,user712@musicapp.com,fLf0uDt2#f#U,2022-06-15,American Samoa
713,Shawn Shepherd,user713@musicapp.com,k11@EHyup(C),2023-03-20,Andorra
714,Holly Ponce,user714@musicapp.com,l+6uZUDcVmj4,2023-05-05,Comoros
715,Krista Fernandez,user715@musicapp.com,&#4rY@zeJE+5,2025-04-19,Netherlands Antilles
716,Nathan Miller,user716@musicapp.com,&)89nD7pncZA,2022-03-21,Bahamas
717,Jack Stein,user717@musicapp.com,L*9YYVju9ov6,2022-10-03,Jordan
718,Justin Hammond,user718@musicapp.com,@tkS*Big+Q(1,2021-09-19,Botswana
719,Sheena Rodriguez,user719@musicapp.com,2$^0O4c$qER8,2022-12-15,Brazil
720,Keith White,user720@musicapp.com,Le(O8TVlljW+,2023-05-14,Belgium
721,Kelly Rivas,user721@musicapp.com,+7I*bY@^(L7A,2024-09-12,Estonia
722,Randy Arnold,user722@musicapp.com,pY7!Yz%w$+9l,2026-09-04,Vanuatu
723,Kendra Vasquez,user723@musicapp.com,Vcm1G9Io*$9$,2025-01-20,Djibouti
724,Jessica Clark,user724@musicapp.com,+VtVL@es8Jza,2023-03-06,Kuwait
725,Ashley Jenkins,user725@musicapp.com,aU0sSy&zd#PP,2026-04-17,Belize
726,Monica Medina,user726@musicapp.com,Pmp9usA__vrJ,2025-06-22,Kazakhstan
727,Timothy Ryan,user727@musicapp.com,$N0&ooGr!&I&,2026-01-02,Svalbard & Jan Mayen Islands
728,Lindsay Henderson,user728@musicapp.com,hxzuN2OV4(s&,2023-12-30,Japan
729,Juan Wright MD,user729@musicapp.com,CF*uhpaZ1_8R,2022-01-25,Honduras
730,Michelle Walls,user730@musicapp.com,0+I+DG+v&oY8,2024-12-16,Somalia
731,James Horton,user731@musicapp.com,_9N$hKUJYnAB,2023-08-01,Guinea-Bissau
732,Dr. Michelle Rodriguez MD,user732@musicapp.com,1+6BAHjktEwh,2023-01-31,Nicaragua
733,Matthew Marks,user733@musicapp.com,4IoMgsu%+dIa,2022-07-10,Afghanistan
734,Juan Davis,user734@musicapp.com,QzkIYunwS7R@,2025-02-06,Qatar
735,Timothy James,user735@musicapp.com,%yl$)Kk1ojz1,2026-05-15,Brazil
736,Jay Chandler,user736@musicapp.com,$l3Bye)Q79RN,2022-04-17,Sri Lanka
737,Wesley Wright,user737@musicapp.com,c8spX4Mm!+mu,2022-11-07,Uganda
738,Rachel Parker,user738@musicapp.com,^3J5G7zG)YjC,2021-12-10,Norfolk Island
739,Hannah Schaefer,user739@musicapp.com,!6FifxNaA)B%,2024-07-14,Russian Federation
740,Thomas Christian,user740@musicapp.com,Z%8sRZVyNqT2,2022-07-18,Kenya
741,Denise Taylor,user741@musicapp.com,pZJ_(0i6+6DZ,2021-10-23,Australia
742,Valerie Reid,user742@musicapp.com,A)Th4QEfw$^J,2025-08-13,Guadeloupe
743,Sarah Jones,user743@musicapp.com,y9REwOvgyL3#,2022-12-07,Chad
744,Corey Wall,user744@musicapp.com,(sEVSlfkx66e,2025-11-09,Somalia
745,Joshua Gallegos,user745@musicapp.com,o%9ppHkQeHN9,2023-08-25,Fiji
746,Michael Ward,user746@musicapp.com,3REBWreS@%6l,2023-11-09,British Virgin Islands
747,Toni Hunt,user747@musicapp.com,l%8VX+rm%zBU,2022-12-11,Taiwan
748,Dawn Hall,user748@musicapp.com,x90)3T4x@5R+,2025-07-08,Antarctica (the territory South of 60 deg S)
749,Brooke Keith,user749@musicapp.com,$2T3_$Qq1!%Q,2025-01-10,United States of America
750,Lynn Powers,user750@musicapp.com,m7m2G&%f(WB6,2021-12-12,Solomon Islands
751,Richard Miranda,user751@musicapp.com,AqVnGk2j@(H2,2025-10-19,Hong Kong
752,Erin Leach,user752@musicapp.com,!7^sHNqv6rvz,2025-06-01,Bolivia
753,Tammy Vargas,user753@musicapp.com,)FTBJ2Sq7THG,2025-02-01,Mauritius
754,Kelly Reid,user754@musicapp.com,@7QvFV1L^LFd,2025-05-19,Bulgaria
755,Pamela Howard,user755@musicapp.com,n8@ySSvr__^M,2025-05-13,Libyan Arab Jamahiriya
756,Brandon Adkins,user756@musicapp.com,1^SkZM&t*470,2025-07-31,Namibia
757,Robert Keith,user757@musicapp.com,%ScFn$Ke!5)I,2022-04-30,Andorra
758,James Schaefer,user758@musicapp.com,L6_oM10b^fI!,2022-02-12,Yemen
759,Michael Love,user759@musicapp.com,$1SujE%kvnh%,2026-02-02,New Zealand
760,Stacey Rodriguez,user760@musicapp.com,_h$EwfKm_1Kl,2023-03-18,Albania
761,Michael Travis,user761@musicapp.com,BSd48lQzT@pD,2025-10-23,Isle of Man
762,Rebecca Robertson,user762@musicapp.com,B#37G#CzjbHc,2022-06-11,Turkmenistan
763,Joseph Keith,user763@musicapp.com,RI5EnJ2S$zru,2024-10-03,Ghana
764,William Velez,user764@musicapp.com,%CEK8$EXE6Hr,2023-08-19,Antigua and Barbuda
765,Stephanie Nguyen,user765@musicapp.com,A#!*UwzMPGW7,2026-04-18,Western Sahara
766,Amy Park,user766@musicapp.com,#uMu7wczs01s,2025-06-25,Tokelau
767,Melissa Williams,user767@musicapp.com,p1t^lcVgrDKK,2025-03-31,Tanzania
768,Juan Galvan,user768@musicapp.com,+lbnVy9c49f3,2022-10-17,Guernsey
769,Sherry Patterson,user769@musicapp.com,9^AW&yarX(9D,2022-10-07,Guam
770,James Johnson,user770@musicapp.com,!@UvSS^s&7j7,2022-12-10,Pitcairn Islands
771,Tina Bates,user771@musicapp.com,)4pJHLisC!+D,2022-10-05,Hong Kong
772,Steven White,user772@musicapp.com,@%1wdRiAp^7#,2024-05-10,Ecuador
773,Tina Peters,user773@musicapp.com,@r(GKIXh&8yt,2021-09-28,Gibraltar
774,Anita Watkins,user774@musicapp.com,)5oJl1!fL61J,2026-07-04,Brunei Darussalam
775,Ashley Owen,user775@musicapp.com,#1Jw*kfyEt3W,2021-09-14,Haiti
776,Brian Rodriguez,user776@musicapp.com,CSg3URxl&GQe,2026-07-04,Serbia
777,William Franklin,user777@musicapp.com,sl8Sp$*Q#80$,2023-07-13,Mauritania
778,Sara Perez,user778@musicapp.com,28z_guph%yBi,2022-10-12,Brunei Darussalam
779,Mark Irwin,user779@musicapp.com,%KE2H*e2siPI,2021-10-21,Afghanistan
780,Ricky Hall,user780@musicapp.com,H*X47cOl&cmy,2022-03-08,Tonga
781,Caitlin Curry,user781@musicapp.com,(6xS8Dz+3qvJ,2022-01-15,Moldova
782,Jennifer Booker,user782@musicapp.com,Gdu7PHYb9i&a,2024-10-30,Gambia
783,Latoya Cooper,user783@musicapp.com,L)0)rf9_%I9M,2023-04-19,Gibraltar
784,Ashley Robertson,user784@musicapp.com,Oyw0Rux5Bm(W,2023-12-18,Cook Islands
785,David Anderson,user785@musicapp.com,%E56w7Fl^eFb,2026-06-15,Saint Helena
786,John Luna,user786@musicapp.com,OkHef9Vit+2x,2023-12-19,Togo
787,Timothy Wheeler,user787@musicapp.com,J6Z19cd!(oXv,2023-12-31,Senegal
788,Erica Case,user788@musicapp.com,)1p5jy_F6zMG,2025-02-01,Myanmar
789,Steven Everett,user789@musicapp.com,r4lLIaLk@s#Y,2023-05-11,Swaziland
790,Brenda Martinez,user790@musicapp.com,^8B3magcrPO7,2024-09-21,Luxembourg
791,Carla Wong,user791@musicapp.com,_Dg_qM)JcI0W,2023-05-06,Guinea-Bissau
792,Tara Brown,user792@musicapp.com,^$@Uq1)AB5v(,2022-12-28,Montserrat
793,Claudia Sanders,user793@musicapp.com,t2_1DPjffW1f,2022-09-29,Saint Helena
794,Heather Barry,user794@musicapp.com,0Z_3dHeW!ENd,2024-11-14,Japan
795,Valerie Harrison,user795@musicapp.com,$0Wk(o+p@*R+,2022-06-08,Cyprus
796,Lynn White,user796@musicapp.com,oKVzpjNB7)3@,2026-06-11,Andorra
797,Dorothy Osborn,user797@musicapp.com,^fbVpxwHFm8z,2022-08-06,United Arab Emirates
798,Steven Tyler,user798@musicapp.com,3%Ck8u!b*TA),2025-01-03,Tuvalu
799,James Morales,user799@musicapp.com,b!nNFZjk$B8l,2022-04-21,Saint Helena
800,Keith Hull,user800@musicapp.com,^v5fN3iSE1N!,2023-12-21,Cayman Islands
801,Sean Crawford,user801@musicapp.com,^#1ftXEjL#wN,2021-10-27,Uganda
802,Robert Galloway,user802@musicapp.com,GiMDuRYaJ#2O,2025-10-23,Cook Islands
803,Lorraine Reyes,user803@musicapp.com,bkZ1A$(qo%3F,2022-09-04,South Georgia and the South Sandwich Islands
804,Michael Smith,user804@musicapp.com,&SiOOLmAvJ28,2024-02-10,Togo
805,Jason Gomez,user805@musicapp.com,+gyPXgK(Ya_3,2024-07-04,Heard Island and McDonald Islands
806,Cassidy Bailey,user806@musicapp.com,I3A8FXoXTU#H,2025-08-28,French Southern Territories
807,Shelly Mcmahon,user807@musicapp.com,7^s3JuVw5%p8,2024-07-03,Turkmenistan
808,Deborah Fox,user808@musicapp.com,4_8Fef4UmZrV,2023-12-27,Bosnia and Herzegovina
809,Dr. Jill Brown MD,user809@musicapp.com,AkD90IPl)*#!,2021-10-05,Cameroon
810,Samantha Thomas,user810@musicapp.com,+epCHEDG5CcM,2023-08-06,Uzbekistan
811,Terry Green,user811@musicapp.com,8C^&4SFr91Jg,2026-07-29,Togo
812,Jim White,user812@musicapp.com,@5&UPdlHmn3U,2023-10-23,Montenegro
813,Kevin Williams,user813@musicapp.com,_KUM1#3B1vkF,2024-01-30,Western Sahara
814,George West,user814@musicapp.com,)^Y52)Gg3q44,2024-01-29,Saint Martin
815,Jessica Bryant,user815@musicapp.com,jXDmeh0Z!7sN,2022-09-27,Suriname
816,Allen Nelson,user816@musicapp.com,#^xVgEjrfwa0,2025-11-04,Isle of Man
817,Kimberly Blair,user817@musicapp.com,dB@*kUpu$E7R,2023-11-24,Madagascar
818,Eugene Williams,user818@musicapp.com,)5MPgwNYmi^1,2022-03-29,Kuwait
819,Michael Haas,user819@musicapp.com,X(rsZ$n9#x46,2026-01-23,Guinea
820,Nancy Merritt,user820@musicapp.com,0svhDf1@p@71,2023-03-18,Turkmenistan
821,Cheryl Lee,user821@musicapp.com,+20AqWArOWu!,2024-12-12,Nicaragua
822,Melinda Jones,user822@musicapp.com,L731JZ+vg^7L,2024-11-26,Cape Verde
823,Stephen Bailey,user823@musicapp.com,)aUu+t^uw@2Z,2021-11-04,Iran
824,Joel Cortez,user824@musicapp.com,f6wtFC7Q#SF3,2023-09-03,Senegal
825,Kenneth York,user825@musicapp.com,&o&n2FCu$eRq,2022-01-14,Uganda
826,Kevin Schmidt,user826@musicapp.com,GzhRbbGU%vK8,2021-10-07,Iceland
827,Seth Curry,user827@musicapp.com,f4T(nul1+1d$,2025-02-10,Cuba
828,John Dixon,user828@musicapp.com,1LnCXypd)+d(,2022-08-27,Jamaica
829,Michael Jackson,user829@musicapp.com,lhRAHq!Y!160,2025-03-07,Vietnam
830,Candice Butler,user830@musicapp.com,TX%Vd0yK)2oz,2024-09-18,Peru
831,John Mccullough,user831@musicapp.com,(8KunHH*KA@!,2023-06-06,Madagascar
832,Darius Lynch,user832@musicapp.com,x@1gf%Qxiv8w,2023-01-11,Aruba
833,Miranda Petersen,user833@musicapp.com,Qpm6^)rw#0UE,2025-04-15,Egypt
834,Hannah Jimenez,user834@musicapp.com,+GWwHx0q+0B3,2026-04-18,Greece
835,Megan Fuller,user835@musicapp.com,!UWKY_Xj7AiU,2023-08-06,Afghanistan
836,Joyce Parks,user836@musicapp.com,co9RwlXP*I4o,2026-05-26,Iran
837,Kim Osborn,user837@musicapp.com,%B90ZlRa0nz0,2026-08-22,Iran
838,Stephanie Smith,user838@musicapp.com,nE*ITRTq(2Ar,2024-02-28,Lebanon
839,Natasha Rodriguez,user839@musicapp.com,+xkH$acfi^6q,2023-12-03,Andorra
840,Brent Green,user840@musicapp.com,)39r$ittaROq,2024-09-25,Japan
841,Barbara Hall,user841@musicapp.com,W%48DIsHtevF,2024-11-10,Nepal
842,Breanna Randolph,user842@musicapp.com,XC32aFdON#Sc,2025-05-28,Greece
843,Roger Hall,user843@musicapp.com,n59$40np%gHA,2023-02-23,Uzbekistan
844,Julie Moore,user844@musicapp.com,g8TeBUrb%o_p,2022-11-29,Liechtenstein
845,Joan Brown,user845@musicapp.com,E!7LU5FbjAq8,2024-10-29,British Indian Ocean Territory (Chagos Archipelago)
846,Michaela Whitney,user846@musicapp.com,oWj5P#2R*3I2,2024-09-22,Japan
847,Katie Preston,user847@musicapp.com,0S21TLcz)dI(,2022-01-05,Sudan
848,Jose Boyer,user848@musicapp.com,186&VgpVH^z4,2026-01-18,Tuvalu
849,Jessica Bonilla,user849@musicapp.com,U0T(RTNU^5us,2024-11-22,Nepal
850,Donna Roberts,user850@musicapp.com,gQQXvMXiF0_4,2025-03-06,Montserrat
851,Beth Holmes,user851@musicapp.com,@9VgXBofmARZ,2024-08-28,Sao Tome and Principe
852,Sydney Baker,user852@musicapp.com,k1OqQGZ&^i3P,2026-08-19,Ecuador
853,Angela Landry,user853@musicapp.com,gXt9fAa*M^BT,2025-11-16,Benin
854,Kimberly Smith,user854@musicapp.com,ib7bXh)aV+wR,2024-05-10,Oman
855,David Simmons,user855@musicapp.com,CR*0)8%q)MHW,2024-05-17,Hong Kong
856,Jeremiah Robinson,user856@musicapp.com,H6E8X!Ctqh^&,2025-02-11,Benin
857,Samantha Allen,user857@musicapp.com,DqF9Hcl)*9NL,2024-07-15,Seychelles
858,Greg Wright,user858@musicapp.com,#6mcCsmdwB8C,2024-11-29,Holy See (Vatican City State)
859,Michael Payne,user859@musicapp.com,#O3Gpa7787h5,2022-10-02,Isle of Man
860,Jennifer Morales,user860@musicapp.com,uU0UpwPi+hD9,2026-08-02,Uganda
861,John Chavez,user861@musicapp.com,l0yUiomn$#A3,2025-07-21,Mexico
862,Paul Nixon,user862@musicapp.com,$NG65!mt3DPZ,2025-09-09,Brunei Darussalam
863,Dennis Jackson,user863@musicapp.com,op5&CaLu7!@4,2025-01-23,Bolivia
864,Devin Cuevas,user864@musicapp.com,%NX*U_cSM$g8,2026-07-02,Ireland
865,Jake Braun,user865@musicapp.com,%nd20*Fj#AQ*,2023-06-08,American Samoa
866,Joan Delgado,user866@musicapp.com,!CkGlY^bI2#D,2022-12-18,Bahamas
867,Chad Moses MD,user867@musicapp.com,3!2ja0ZomT0M,2022-07-05,Cambodia
868,Robert King,user868@musicapp.com,kz+4XnN!76$y,2023-04-10,Cambodia
869,Alexis Peterson,user869@musicapp.com,&w9b@IyLor$@,2022-06-26,Germany
870,Carlos Ortiz,user870@musicapp.com,f7x)wTER_j*U,2022-07-01,Uzbekistan
871,Jeffrey Gilmore,user871@musicapp.com,4r6TXtQt+G%!,2022-06-20,Malawi
872,Matthew Bray,user872@musicapp.com,OXT&A$bfR)1S,2023-08-28,Brunei Darussalam
873,Veronica Ramirez,user873@musicapp.com,LwPNURBi_p8%,2023-05-17,Wallis and Futuna
874,Heather Murphy,user874@musicapp.com,@AFk3zbVX$Qi,2022-12-16,South Georgia and the South Sandwich Islands
875,Troy Jefferson,user875@musicapp.com,&m_OvgxR9fgY,2021-09-19,Guadeloupe
876,Sarah Miller,user876@musicapp.com,G6@WoP8i(rf6,2024-03-31,Bermuda
877,Melissa Rivera,user877@musicapp.com,+@ZlZ^ji8#L9,2026-06-02,Jersey
878,Anthony Brown,user878@musicapp.com,#_Utc+x44u9!,2025-06-14,Guatemala
879,Kathleen Barker,user879@musicapp.com,tZ7Bwzz@#+*H,2025-12-14,Botswana
880,Jason Jones,user880@musicapp.com,@5L(#M0s#@&T,2026-05-13,Antarctica (the territory South of 60 deg S)
881,Nichole Thompson,user881@musicapp.com,#D)aXRuOJh49,2022-06-16,Turkey
882,Stephanie Good,user882@musicapp.com,Gx*3Ujfl&xAo,2024-04-17,Italy
883,Jason Jackson DVM,user883@musicapp.com,w@zPoe2vdO+),2022-05-27,Timor-Leste
884,Scott Adams,user884@musicapp.com,nb)4Poy(PPNA,2026-05-03,Sudan
885,Eric Barnes,user885@musicapp.com,w+CZeWh07k6R,2023-06-23,Seychelles
886,Michael Snyder,user886@musicapp.com,RM!bR4ck$8lf,2022-09-30,Mauritania
887,Jennifer Cline MD,user887@musicapp.com,1mFBh&f6@e$X,2021-11-22,Luxembourg
888,Nicholas Brennan,user888@musicapp.com,0&20BVWg^l#!,2022-11-27,Botswana
889,Leah Owens,user889@musicapp.com,j_YGNivcXb8P,2025-12-01,Tanzania
890,Erin Diaz,user890@musicapp.com,!DC0(M0gq1hC,2025-08-30,Denmark
891,Jason Simmons,user891@musicapp.com,(y+8cDVy6O(2,2025-09-03,Turkey
892,Ashley Leach,user892@musicapp.com,b#4EqPRabal),2025-04-05,Argentina
893,Pamela Arnold,user893@musicapp.com,*4Mc%v(Uyudv,2024-12-18,Saint Pierre and Miquelon
894,Stephanie Colon,user894@musicapp.com,u4Apwais&1ed,2022-09-04,France
895,Kathy Robinson,user895@musicapp.com,Jl^!D$xtFfi4,2026-04-21,Djibouti
896,Joshua Davis,user896@musicapp.com,80DzOmVJ^B6y,2024-07-02,Sierra Leone
897,Susan Rivera,user897@musicapp.com,@T2DHFs$bW+g,2022-05-06,Senegal
898,Jenny Ford,user898@musicapp.com,#c30MElhNzhL,2024-11-02,Libyan Arab Jamahiriya
899,Darren Smith,user899@musicapp.com,oP7LJ$Tc#HRy,2024-05-26,Aruba
900,David Smith,user900@musicapp.com,_vpev3Vg_dE6,2025-07-06,New Caledonia
901,Michael Johnson,user901@musicapp.com,V5%QF5mkc8W%,2022-02-19,Belize
902,Joanna Lynn,user902@musicapp.com,!BLGvrOD5K^e,2024-06-24,Cameroon
903,Scott Brady,user903@musicapp.com,1#7ZN*XgFrJ(,2023-03-27,Azerbaijan
904,Stephen Watson,user904@musicapp.com,RmFvnw!V%4sh,2024-03-14,Tuvalu
905,James Simpson,user905@musicapp.com,@^MNr3zH20#D,2023-12-16,Cote d'Ivoire
906,Jimmy King,user906@musicapp.com,%p6TSh5TRw#H,2023-04-07,Turkmenistan
907,Lisa Hatfield,user907@musicapp.com,^W)dWOt&s1GD,2024-09-01,Bahamas
908,Michelle Chavez,user908@musicapp.com,_SAyF7oV@fP5,2022-10-05,Lithuania
909,Sarah Smith,user909@musicapp.com,!*xoA0js8vr5,2024-10-14,United States Minor Outlying Islands
910,Carrie Moore,user910@musicapp.com,!0E$GflDy($3,2021-12-27,Ukraine
911,Jared Gordon,user911@musicapp.com,jYh6q96u(8Jw,2021-12-23,Djibouti
912,Vincent Adams,user912@musicapp.com,%jhH1FXs(%O2,2022-09-26,Fiji
913,Adrian White,user913@musicapp.com,sD%*1S^gN5Hv,2023-01-21,Papua New Guinea
914,Jennifer Reyes,user914@musicapp.com,(04#VnrsB_%T,2026-01-08,Tokelau
915,Evan Nelson,user915@musicapp.com,Z2D$sNVZ+W)d,2024-07-08,Mayotte
916,Dawn Yates,user916@musicapp.com,VgZASOdY^835,2023-09-15,Guinea
917,Luis Brown,user917@musicapp.com,bx8rC7WrRnS^,2022-07-04,Burkina Faso
918,Alicia Romero,user918@musicapp.com,&7A4jEg^v0+1,2025-02-18,Cocos (Keeling) Islands
919,Mary Reid,user919@musicapp.com,#1irZ&vk64Of,2024-09-10,Israel
920,Michael Williams,user920@musicapp.com,&6n$UJ1N9ifA,2025-01-18,Cyprus
921,Curtis Harvey,user921@musicapp.com,&#4pdJoRMa2J,2023-10-14,Switzerland
922,Jeffrey Anderson,user922@musicapp.com,%3@WM2qKJ_4(,2022-02-28,Norway
923,Brandon Graham,user923@musicapp.com,#8m3hMdaGEwW,2023-11-24,Somalia
924,Catherine Villegas,user924@musicapp.com,Np6Zc&oX%0d$,2023-10-30,Kenya
925,Derek Mack,user925@musicapp.com,JCImULl!#3Rh,2024-04-23,Armenia
926,Carrie Black,user926@musicapp.com,+wWCqYBu74f5,2024-01-31,Martinique
927,Jeffery Torres,user927@musicapp.com,9L_Q6LXdSLap,2022-05-10,Philippines
928,Jennifer Middleton,user928@musicapp.com,5&FQVj%L@0o!,2024-12-28,Qatar
929,Sara Cruz,user929@musicapp.com,%JC3eKLn6#NK,2025-07-23,Reunion
930,Brandy Moss,user930@musicapp.com,ZjX6LZPsi&l$,2022-09-19,Costa Rica
931,Caroline Robertson,user931@musicapp.com,z@olYopZ)_8L,2024-04-14,Serbia
932,Jennifer Cummings,user932@musicapp.com,1g^iUxs@!6Mi,2022-05-10,Montenegro
933,Katherine Hoffman,user933@musicapp.com,j5&guRmA&5Yg,2026-04-04,Zimbabwe
934,Anita Wise,user934@musicapp.com,^@8jVu@G14mK,2023-09-09,Marshall Islands
935,Denise Hoffman,user935@musicapp.com,6%_4VgzRIP(G,2023-01-28,Philippines
936,Matthew Carpenter,user936@musicapp.com,or1f_ouC2!MN,2022-08-30,French Southern Territories
937,Anthony Johnson,user937@musicapp.com,8qpLHqWI_qBA,2022-01-21,Thailand
938,Jose Keller,user938@musicapp.com,^YFJ!vuf9G(l,2021-11-09,Antigua and Barbuda
939,Alan Weber,user939@musicapp.com,0zJbr84y*aUC,2026-03-16,Belgium
940,Paul Cochran,user940@musicapp.com,_FI2&ufL61tJ,2023-03-20,New Zealand
941,Joann Anderson,user941@musicapp.com,%idMkdJP^R3F,2024-11-24,Tunisia
942,Denise Wiley,user942@musicapp.com,EfLOQ8Ed(85#,2025-02-05,Ireland
943,Beverly Perkins,user943@musicapp.com,)$7VG0fX!)^L,2024-02-09,Uganda
944,William Kerr,user944@musicapp.com,)2S3SgxHQeL1,2024-08-17,Egypt
945,Amber Meza,user945@musicapp.com,CWhyW+Hd!%%9,2023-11-11,Cameroon
946,Elizabeth Pearson,user946@musicapp.com,v^A@0JxsoM$X,2022-04-08,Cayman Islands
947,Adam Oliver,user947@musicapp.com,qC5UNJXl+2BH,2022-11-05,Togo
948,Carlos Smith,user948@musicapp.com,*LI5HUyuitZj,2024-11-03,Equatorial Guinea
949,Emily Brandt,user949@musicapp.com,_ov$O20Ox%P3,2022-09-20,Grenada
950,Andrea Gonzalez,user950@musicapp.com,#A3Gz8oS*8JK,2026-08-29,Germany
951,Stacey Holt,user951@musicapp.com,jckYyKpy*6x0,2022-04-03,Ethiopia
952,Wesley Johnson,user952@musicapp.com,PZS^g*lL8@8F,2024-09-07,Australia
953,April Mitchell,user953@musicapp.com,fBBZyzaue)3R,2025-11-17,India
954,Nancy Williams,user954@musicapp.com,HwYdRKr+B(D5,2023-01-22,Costa Rica
955,Grace Butler,user955@musicapp.com,$AGPP$iJ$0tN,2023-06-05,Saint Barthelemy
956,Lisa Fernandez,user956@musicapp.com,&+tlG*cSTH45,2022-09-11,Antigua and Barbuda
957,Rebecca Chambers MD,user957@musicapp.com,s5H!E8Ndkptc,2024-03-16,Kenya
958,Patrick Carson,user958@musicapp.com,)J5lz)h6eUuX,2022-03-27,Barbados
959,Carlos Tucker,user959@musicapp.com,t($uA5g5nF7R,2026-03-30,Taiwan
960,Laurie Smith,user960@musicapp.com,(0l5#B@s+$v9,2021-10-05,Djibouti
961,Samantha Costa,user961@musicapp.com,!$pMTwva78Y0,2022-08-25,Moldova
962,Tammy Perez,user962@musicapp.com,Y(1GYa8o8@R+,2024-02-02,Canada
963,Jon Edwards MD,user963@musicapp.com,n3_S#ZLZ!sI),2022-09-29,Barbados
964,Melanie Jones,user964@musicapp.com,$B$QNFpA3VA1,2024-11-17,Saint Martin
965,Michael Flores,user965@musicapp.com,f*v9ZBkHxvoH,2024-10-20,Micronesia
966,Frank Lawson,user966@musicapp.com,%8c$15hNNmO6,2023-09-11,Colombia
967,Ian Burns,user967@musicapp.com,ed3c3zEw1$)5,2023-02-02,Tokelau
968,Jeffrey Sellers,user968@musicapp.com,RD2Hx@&c)J1i,2023-04-14,French Southern Territories
969,Lindsey Fox,user969@musicapp.com,v0pZ7Ds%)BUX,2025-11-25,Afghanistan
970,Victoria Lewis,user970@musicapp.com,KYjt2MYyIfd#,2025-01-15,Antarctica (the territory South of 60 deg S)
971,Justin Williams,user971@musicapp.com,&Yk_9fKtef0O,2025-06-18,Slovenia
972,Jessica Fisher,user972@musicapp.com,n^#eAPnYkvr9,2024-10-24,Montserrat
973,Kurt Brewer,user973@musicapp.com,$dUNUg8zk1tQ,2025-07-03,Suriname
974,Douglas Park,user974@musicapp.com,j34)4ns*_fEv,2024-05-12,Nicaragua
975,Gina King,user975@musicapp.com,Lg1q_FvRtv!n,2024-02-23,Saint Barthelemy
976,Melissa Brown,user976@musicapp.com,t)L(e%ax98$Q,2025-08-13,Norway
977,John Petty,user977@musicapp.com,@c)8YTImc5!X,2024-11-03,Spain
978,Joshua Berry,user978@musicapp.com,H#6EBCPmCbQH,2022-09-16,Equatorial Guinea
979,Aaron Williams,user979@musicapp.com,k7R)KEIE(qrp,2025-09-11,New Zealand
980,Abigail Solis,user980@musicapp.com,tz3QnmqgL$I$,2025-09-17,Malaysia
981,Andrew Steele,user981@musicapp.com,g40jR^7tV+%W,2025-03-11,Guadeloupe
982,Ashley Cox,user982@musicapp.com,AtMQahOzy)4Z,2022-12-29,Andorra
983,Lori Dunn,user983@musicapp.com,#6_AplxfR6_Q,2024-07-23,Tanzania
984,Darren Elliott,user984@musicapp.com,*MPw(APJ7tQj,2024-05-07,Taiwan
985,Kelly Sanders,user985@musicapp.com,J6i4D#Zs(Y8L,2024-06-01,Bolivia
986,Aaron Powell,user986@musicapp.com,t&&m3VuS+)rm,2025-06-19,Nigeria
987,Allison Fisher,user987@musicapp.com,f4NL3Eor4cU#,2026-05-12,Mauritius
988,Stephen Ramirez,user988@musicapp.com,e^k*B2Qk7SYS,2025-07-03,Bahrain
989,Erica Morrison,user989@musicapp.com,(XeGHSJlK39+,2024-09-10,Belgium
990,James Rodriguez,user990@musicapp.com,@g9l*uZuZoA*,2022-12-23,Albania
991,Philip Sheppard,user991@musicapp.com,!4jVBSsos1uK,2025-02-10,Ecuador
992,John Stevens,user992@musicapp.com,f)yQdzO5*06s,2024-05-20,Armenia
993,Taylor Howard,user993@musicapp.com,_bgQQ8$pP31B,2024-05-26,Uruguay
994,Taylor Levine,user994@musicapp.com,0KGmmjWh^KqX,2022-07-26,Northern Mariana Islands
995,Lori Howard,user995@musicapp.com,yU4tzIJnw(%4,2024-04-07,Cuba
996,Christine Wilson,user996@musicapp.com,e7tbboPx)3#L,2025-12-08,Panama
997,Whitney Perez,user997@musicapp.com,pg^D4RCm@M3#,2024-04-13,Iceland
998,Haley Chen,user998@musicapp.com,&87uu(J!^u0Q,2023-03-13,Barbados
999,Annette French,user999@musicapp.com,Gre6Vdp9%)4p,2024-02-18,Northern Mariana Islands
1000,Patricia Johnson,user1000@musicapp.com,#6UZGmlrIL)h,2023-09-30,Germany
